basedatetime,mmsi,lat,lon,sog,cog,vessel_type,speed_class
2024-01-01 17:35:00,311000115.0,28.69474,-90.41001,8.5,32.1,99.0,Slow
2024-01-01 18:45:00,311000115.0,28.8379,-90.30666,8.2,32.3,99.0,Slow
2024-01-01 18:50:00,311000115.0,28.84406,-90.30221,8.2,32.5,99.0,Slow
2024-01-01 19:00:00,311000115.0,28.86119,-90.28964,8.2,32.7,99.0,Slow
2024-01-01 19:10:00,311000115.0,28.87979,-90.27586,8.0,33.0,99.0,Slow
2024-01-01 19:15:00,311000115.0,28.88893,-90.26908,7.9,33.0,99.0,Slow
2024-01-01 19:20:00,311000115.0,28.8961,-90.26382,7.9,32.6,99.0,Slow
2024-01-01 19:25:00,311000115.0,28.90677,-90.25613,7.9,31.4,99.0,Slow
2024-01-01 19:30:00,311000115.0,28.91734,-90.25171,8.0,18.9,99.0,Slow
2024-01-01 19:35:00,311000115.0,28.93086,-90.24614,8.1,22.1,99.0,Slow
2024-01-01 19:40:00,311000115.0,28.93938,-90.24219,8.2,22.6,99.0,Slow
2024-01-01 19:45:00,311000115.0,28.94955,-90.23677,8.3,27.2,99.0,Slow
2024-01-01 19:50:00,311000115.0,28.95886,-90.23122,8.3,27.6,99.0,Slow
2024-01-01 19:55:00,311000115.0,28.96856,-90.22532,8.3,27.8,99.0,Slow
2024-01-01 20:00:00,311000115.0,28.9803,-90.21823,8.4,28.1,99.0,Slow
2024-01-01 20:05:00,311000115.0,28.99108,-90.21266,8.4,8.3,99.0,Slow
2024-01-01 20:10:00,311000115.0,29.00218,-90.21522,8.6,341.7,99.0,Slow
2024-01-01 20:15:00,311000115.0,29.01311,-90.21952,8.5,340.0,99.0,Slow
2024-01-01 20:20:00,311000115.0,29.02401,-90.22396,8.5,340.4,99.0,Slow
2024-01-01 20:25:00,311000115.0,29.03696,-90.22895,8.5,344.6,99.0,Slow
2024-01-01 20:30:00,311000115.0,29.04816,-90.23217,8.5,348.3,99.0,Slow
2024-01-01 20:35:00,311000115.0,29.05941,-90.23129,5.6,11.7,99.0,Slow
2024-01-01 20:40:00,311000115.0,29.06845,-90.22926,6.2,10.7,99.0,Slow
2024-01-01 20:45:00,311000115.0,29.07582,-90.2277,7.9,9.2,99.0,Slow
2024-01-01 20:50:00,311000115.0,29.08632,-90.22584,8.1,9.3,99.0,Slow
2024-01-01 20:55:00,311000115.0,29.09726,-90.22257,8.1,21.9,99.0,Slow
2024-01-01 21:00:00,311000115.0,29.10505,-90.21525,8.1,54.7,99.0,Slow
2024-01-01 21:05:00,311000115.0,29.1106,-90.20881,4.6,14.1,99.0,Slow
2024-01-01 21:10:00,311000115.0,29.11751,-90.21209,4.5,330.0,99.0,Slow
2024-01-01 21:15:00,311000115.0,29.12112,-90.21199,3.7,59.3,99.0,Slow
2024-01-01 21:20:00,311000115.0,29.12254,-90.20611,4.0,92.5,99.0,Slow
2024-01-01 21:25:00,311000115.0,29.12211,-90.19952,3.4,105.3,99.0,Slow
2024-01-01 21:30:00,311000115.0,29.11968,-90.19779,1.5,155.7,99.0,Stopped
2024-01-01 21:35:00,311000115.0,29.11942,-90.19753,0.4,91.3,99.0,Stopped
2024-01-01 21:45:00,311000115.0,29.11926,-90.19735,0.0,336.6,99.0,Stopped
2024-01-01 21:50:00,311000115.0,29.11927,-90.19734,0.0,83.7,99.0,Stopped
2024-01-01 21:55:00,311000115.0,29.11925,-90.19735,0.0,187.7,99.0,Stopped
2024-01-01 22:00:00,311000115.0,29.11925,-90.19734,0.0,318.1,99.0,Stopped
2024-01-01 22:05:00,311000115.0,29.11926,-90.19736,0.0,269.0,99.0,Stopped
2024-01-01 22:10:00,311000115.0,29.1189,-90.19739,0.2,141.4,99.0,Stopped
2024-01-01 22:15:00,311000115.0,29.11865,-90.19701,0.2,150.8,99.0,Stopped
2024-01-01 22:20:00,311000115.0,29.11829,-90.1968,0.2,180.9,99.0,Stopped
2024-01-01 22:25:00,311000115.0,29.11815,-90.19675,0.0,219.7,99.0,Stopped
2024-01-01 22:30:00,311000115.0,29.11817,-90.19675,0.0,81.8,99.0,Stopped
2024-01-01 22:35:00,311000115.0,29.1182,-90.19676,0.0,11.6,99.0,Stopped
2024-01-01 22:40:00,311000115.0,29.11815,-90.19677,0.0,248.3,99.0,Stopped
2024-01-01 23:05:00,311000115.0,29.11818,-90.19675,0.0,340.8,99.0,Stopped
2024-01-01 23:15:00,311000115.0,29.11817,-90.19674,0.0,140.9,99.0,Stopped
2024-01-01 23:25:00,311000115.0,29.11817,-90.19673,0.0,74.1,99.0,Stopped
2024-01-01 23:35:00,311000115.0,29.11819,-90.19676,0.0,316.2,99.0,Stopped
2024-01-01 23:50:00,311000115.0,29.11817,-90.19676,0.0,275.0,99.0,Stopped
2024-01-01 15:35:00,338332819.0,29.55286,-95.03419,3.2,154.3,37.0,Slow
2024-01-01 15:40:00,338332819.0,29.55168,-95.0347,3.8,221.0,37.0,Slow
2024-01-01 15:45:00,338332819.0,29.54959,-95.04241,4.7,272.7,37.0,Slow
2024-01-01 15:50:00,338332819.0,29.54818,-95.04393,0.0,201.6,37.0,Stopped
2024-01-01 15:55:00,338332819.0,29.54818,-95.04395,0.0,201.6,37.0,Stopped
2024-01-01 16:00:00,338332819.0,29.54813,-95.04395,0.0,201.6,37.0,Stopped
2024-01-01 16:05:00,338332819.0,29.54812,-95.04395,0.0,201.6,37.0,Stopped
2024-01-01 16:10:00,338332819.0,29.54824,-95.04401,0.0,201.6,37.0,Stopped
2024-01-01 16:15:00,338332819.0,29.54823,-95.04399,0.0,201.6,37.0,Stopped
2024-01-01 16:25:00,338332819.0,29.54823,-95.04404,0.0,201.6,37.0,Stopped
2024-01-01 13:20:00,338379829.0,27.79254,-82.62376,0.0,360.0,37.0,Stopped
2024-01-01 14:50:00,338379829.0,27.79245,-82.62372,0.0,360.0,37.0,Stopped
2024-01-01 15:00:00,338379829.0,27.79243,-82.62372,0.0,360.0,37.0,Stopped
2024-01-01 15:05:00,338379829.0,27.79244,-82.62373,0.0,360.0,37.0,Stopped
2024-01-01 15:10:00,338379829.0,27.79244,-82.62372,0.0,360.0,37.0,Stopped
2024-01-01 15:20:00,338379829.0,27.79243,-82.62377,0.0,360.0,37.0,Stopped
2024-01-01 15:50:00,338379829.0,27.79243,-82.62374,0.0,360.0,37.0,Stopped
2024-01-01 15:55:00,338379829.0,27.79244,-82.62376,0.0,360.0,37.0,Stopped
2024-01-01 16:00:00,338379829.0,27.79245,-82.62376,0.0,360.0,37.0,Stopped
2024-01-01 16:20:00,338379829.0,27.79244,-82.62374,0.0,360.0,37.0,Stopped
2024-01-01 16:40:00,338379829.0,27.79241,-82.62373,0.0,360.0,37.0,Stopped
2024-01-01 16:45:00,338379829.0,27.79239,-82.62376,0.0,360.0,37.0,Stopped
2024-01-01 16:50:00,338379829.0,27.79238,-82.62375,0.0,360.0,37.0,Stopped
2024-01-01 17:00:00,338379829.0,27.79242,-82.62373,0.0,360.0,37.0,Stopped
2024-01-01 17:10:00,338379829.0,27.79242,-82.62374,0.0,360.0,37.0,Stopped
2024-01-01 17:20:00,338379829.0,27.79243,-82.62373,0.0,360.0,37.0,Stopped
2024-01-01 17:35:00,338379829.0,27.79243,-82.62376,0.0,360.0,37.0,Stopped
2024-01-01 17:40:00,338379829.0,27.79242,-82.62375,0.0,360.0,37.0,Stopped
2024-01-01 17:45:00,338379829.0,27.79241,-82.62375,0.0,360.0,37.0,Stopped
2024-01-01 17:50:00,338379829.0,27.79245,-82.62374,0.0,360.0,37.0,Stopped
2024-01-01 17:55:00,338379829.0,27.79244,-82.62375,0.0,360.0,37.0,Stopped
2024-01-01 18:00:00,338379829.0,27.79243,-82.62375,0.0,360.0,37.0,Stopped
2024-01-01 18:05:00,338379829.0,27.79119,-82.62484,3.7,164.2,37.0,Slow
2024-01-01 18:10:00,338379829.0,27.788,-82.61941,5.9,124.1,37.0,Slow
2024-01-01 18:15:00,338379829.0,27.78185,-82.61071,30.5,133.0,37.0,Fast
2024-01-01 18:20:00,338379829.0,27.76741,-82.5782,31.9,109.1,37.0,Fast
2024-01-01 18:25:00,338379829.0,27.76243,-82.57727,7.1,245.8,37.0,Slow
2024-01-01 18:30:00,338379829.0,27.75829,-82.58694,6.9,244.4,37.0,Slow
2024-01-01 18:35:00,338379829.0,27.76091,-82.59721,7.1,296.0,37.0,Slow
2024-01-01 18:40:00,338379829.0,27.76524,-82.60985,7.3,290.5,37.0,Slow
2024-01-01 18:45:00,338379829.0,27.76917,-82.62022,7.2,300.8,37.0,Slow
2024-01-01 18:50:00,338379829.0,27.77203,-82.62704,2.9,298.9,37.0,Slow
2024-01-01 18:55:00,338379829.0,27.77196,-82.62797,0.0,360.0,37.0,Stopped
2024-01-01 19:00:00,338379829.0,27.772,-82.62798,0.0,360.0,37.0,Stopped
2024-01-01 19:10:00,338379829.0,27.77199,-82.62798,0.0,360.0,37.0,Stopped
2024-01-01 19:15:00,338379829.0,27.7715,-82.62666,3.7,128.9,37.0,Slow
2024-01-01 19:20:00,338379829.0,27.77337,-82.62142,5.7,48.3,37.0,Slow
2024-01-01 19:25:00,338379829.0,27.77859,-82.61549,6.6,44.0,37.0,Slow
2024-01-01 19:30:00,338379829.0,27.786,-82.61615,6.0,311.0,37.0,Slow
2024-01-01 19:35:00,338379829.0,27.78943,-82.62164,6.3,300.3,37.0,Slow
2024-01-01 19:55:00,338379829.0,27.79251,-82.62378,0.0,360.0,37.0,Stopped
2024-01-01 20:00:00,338379829.0,27.79252,-82.62379,0.0,360.0,37.0,Stopped
2024-01-01 20:10:00,338379829.0,27.79251,-82.62381,0.0,360.0,37.0,Stopped
2024-01-01 00:15:00,338433573.0,27.9668,-82.80522,0.0,360.0,37.0,Stopped
2024-01-01 00:20:00,338433573.0,27.9668,-82.80524,0.2,360.0,37.0,Stopped
2024-01-01 00:25:00,338433573.0,27.96682,-82.80531,0.1,360.0,37.0,Stopped
2024-01-01 00:30:00,338433573.0,27.96681,-82.80531,0.0,360.0,37.0,Stopped
2024-01-01 00:35:00,338433573.0,27.96679,-82.80532,0.1,360.0,37.0,Stopped
2024-01-01 00:40:00,338433573.0,27.96674,-82.80531,0.0,360.0,37.0,Stopped
2024-01-01 00:45:00,338433573.0,27.96677,-82.80531,0.0,360.0,37.0,Stopped
2024-01-01 00:50:00,338433573.0,27.9668,-82.80532,0.1,360.0,37.0,Stopped
2024-01-01 01:05:00,338433573.0,27.96674,-82.80527,0.1,360.0,37.0,Stopped
2024-01-01 01:15:00,338433573.0,27.96684,-82.80527,0.1,360.0,37.0,Stopped
2024-01-01 01:30:00,338433573.0,27.96691,-82.80515,0.1,360.0,37.0,Stopped
2024-01-01 01:40:00,338433573.0,27.96674,-82.80518,0.0,360.0,37.0,Stopped
2024-01-01 02:00:00,338433573.0,27.9667,-82.80522,0.1,360.0,37.0,Stopped
2024-01-01 02:05:00,338433573.0,27.96676,-82.80521,0.0,360.0,37.0,Stopped
2024-01-01 02:10:00,338433573.0,27.9668,-82.80523,0.0,360.0,37.0,Stopped
2024-01-01 02:30:00,338433573.0,27.96678,-82.80523,0.0,360.0,37.0,Stopped
2024-01-01 03:05:00,338433573.0,27.9668,-82.80517,0.0,360.0,37.0,Stopped
2024-01-01 03:10:00,338433573.0,27.96681,-82.80512,0.4,360.0,37.0,Stopped
2024-01-01 03:50:00,338433573.0,27.96678,-82.80522,0.0,360.0,37.0,Stopped
2024-01-01 04:00:00,338433573.0,27.96683,-82.8052,0.2,360.0,37.0,Stopped
2024-01-01 04:05:00,338433573.0,27.96683,-82.80519,0.0,360.0,37.0,Stopped
2024-01-01 04:10:00,338433573.0,27.96686,-82.80516,0.0,360.0,37.0,Stopped
2024-01-01 04:25:00,338433573.0,27.96676,-82.80523,0.2,360.0,37.0,Stopped
2024-01-01 04:30:00,338433573.0,27.96678,-82.8052,0.0,360.0,37.0,Stopped
2024-01-01 04:50:00,338433573.0,27.96674,-82.80522,0.0,360.0,37.0,Stopped
2024-01-01 05:20:00,338433573.0,27.96682,-82.8052,0.0,360.0,37.0,Stopped
2024-01-01 05:40:00,338433573.0,27.96675,-82.80514,0.2,360.0,37.0,Stopped
2024-01-01 05:45:00,338433573.0,27.96681,-82.8051,0.0,360.0,37.0,Stopped
2024-01-01 06:00:00,338433573.0,27.96682,-82.80517,0.0,360.0,37.0,Stopped
2024-01-01 06:20:00,338433573.0,27.96679,-82.80513,0.2,360.0,37.0,Stopped
2024-01-01 06:40:00,338433573.0,27.96677,-82.80517,0.1,360.0,37.0,Stopped
2024-01-01 06:45:00,338433573.0,27.96691,-82.80517,0.8,360.0,37.0,Stopped
2024-01-01 07:30:00,338433573.0,27.96684,-82.80515,0.0,360.0,37.0,Stopped
2024-01-01 07:40:00,338433573.0,27.96678,-82.80514,0.1,360.0,37.0,Stopped
2024-01-01 08:10:00,338433573.0,27.96684,-82.80518,0.0,360.0,37.0,Stopped
2024-01-01 08:15:00,338433573.0,27.96685,-82.80519,0.0,360.0,37.0,Stopped
2024-01-01 08:20:00,338433573.0,27.96681,-82.8052,0.0,360.0,37.0,Stopped
2024-01-01 08:25:00,338433573.0,27.96686,-82.8052,0.1,360.0,37.0,Stopped
2024-01-01 08:30:00,338433573.0,27.96689,-82.80521,0.1,360.0,37.0,Stopped
2024-01-01 09:00:00,338433573.0,27.96681,-82.80521,0.0,360.0,37.0,Stopped
2024-01-01 09:05:00,338433573.0,27.96683,-82.80514,0.0,360.0,37.0,Stopped
2024-01-01 09:15:00,338433573.0,27.96677,-82.80524,0.0,360.0,37.0,Stopped
2024-01-01 09:25:00,338433573.0,27.96675,-82.80521,0.1,360.0,37.0,Stopped
2024-01-01 09:30:00,338433573.0,27.96677,-82.80521,0.2,360.0,37.0,Stopped
2024-01-01 09:35:00,338433573.0,27.96684,-82.80516,0.2,360.0,37.0,Stopped
2024-01-01 09:40:00,338433573.0,27.96666,-82.80518,0.2,360.0,37.0,Stopped
2024-01-01 09:45:00,338433573.0,27.96667,-82.80516,0.5,360.0,37.0,Stopped
2024-01-01 09:55:00,338433573.0,27.96675,-82.80515,0.1,360.0,37.0,Stopped
2024-01-01 10:00:00,338433573.0,27.96676,-82.8052,0.5,360.0,37.0,Stopped
2024-01-01 10:15:00,338433573.0,27.96673,-82.80523,0.0,360.0,37.0,Stopped
2024-01-01 10:45:00,338433573.0,27.96681,-82.80516,0.0,360.0,37.0,Stopped
2024-01-01 11:00:00,338433573.0,27.96674,-82.80526,0.0,360.0,37.0,Stopped
2024-01-01 11:05:00,338433573.0,27.96673,-82.80526,0.2,360.0,37.0,Stopped
2024-01-01 11:35:00,338433573.0,27.9668,-82.80512,0.1,360.0,37.0,Stopped
2024-01-01 11:50:00,338433573.0,27.96683,-82.80523,0.1,360.0,37.0,Stopped
2024-01-01 12:00:00,338433573.0,27.96678,-82.80513,0.0,360.0,37.0,Stopped
2024-01-01 12:10:00,338433573.0,27.96675,-82.80513,0.1,360.0,37.0,Stopped
2024-01-01 12:15:00,338433573.0,27.96669,-82.80515,0.2,360.0,37.0,Stopped
2024-01-01 12:20:00,338433573.0,27.96675,-82.80516,0.0,360.0,37.0,Stopped
2024-01-01 12:30:00,338433573.0,27.96678,-82.80519,0.1,360.0,37.0,Stopped
2024-01-01 12:45:00,338433573.0,27.96676,-82.80508,0.1,360.0,37.0,Stopped
2024-01-01 12:55:00,338433573.0,27.96673,-82.80518,0.0,360.0,37.0,Stopped
2024-01-01 13:05:00,338433573.0,27.96671,-82.80515,0.0,360.0,37.0,Stopped
2024-01-01 13:10:00,338433573.0,27.96668,-82.80518,0.0,360.0,37.0,Stopped
2024-01-01 13:15:00,338433573.0,27.96671,-82.80516,0.1,360.0,37.0,Stopped
2024-01-01 13:20:00,338433573.0,27.96673,-82.80516,0.0,360.0,37.0,Stopped
2024-01-01 13:25:00,338433573.0,27.96679,-82.80517,0.1,360.0,37.0,Stopped
2024-01-01 13:40:00,338433573.0,27.96678,-82.80517,0.0,360.0,37.0,Stopped
2024-01-01 14:00:00,338433573.0,27.9668,-82.80516,0.0,360.0,37.0,Stopped
2024-01-01 14:20:00,338433573.0,27.96684,-82.80517,0.1,360.0,37.0,Stopped
2024-01-01 14:25:00,338433573.0,27.96684,-82.80523,0.2,360.0,37.0,Stopped
2024-01-01 14:30:00,338433573.0,27.96683,-82.80526,0.1,360.0,37.0,Stopped
2024-01-01 14:45:00,338433573.0,27.96684,-82.80513,0.0,360.0,37.0,Stopped
2024-01-01 15:00:00,338433573.0,27.96679,-82.80515,0.0,360.0,37.0,Stopped
2024-01-01 15:20:00,338433573.0,27.96681,-82.80517,0.0,360.0,37.0,Stopped
2024-01-01 15:25:00,338433573.0,27.9668,-82.8052,0.1,360.0,37.0,Stopped
2024-01-01 15:30:00,338433573.0,27.96674,-82.8052,0.1,360.0,37.0,Stopped
2024-01-01 15:35:00,338433573.0,27.96676,-82.80524,0.0,360.0,37.0,Stopped
2024-01-01 15:45:00,338433573.0,27.96677,-82.80518,0.0,360.0,37.0,Stopped
2024-01-01 15:50:00,338433573.0,27.96682,-82.80513,0.3,360.0,37.0,Stopped
2024-01-01 16:05:00,338433573.0,27.96675,-82.80519,0.1,360.0,37.0,Stopped
2024-01-01 16:15:00,338433573.0,27.96672,-82.8052,0.0,360.0,37.0,Stopped
2024-01-01 16:20:00,338433573.0,27.96674,-82.80523,0.2,360.0,37.0,Stopped
2024-01-01 16:35:00,338433573.0,27.96678,-82.80515,0.1,360.0,37.0,Stopped
2024-01-01 16:45:00,338433573.0,27.96673,-82.80515,0.3,360.0,37.0,Stopped
2024-01-01 16:50:00,338433573.0,27.96672,-82.80512,0.3,360.0,37.0,Stopped
2024-01-01 16:55:00,338433573.0,27.96674,-82.80519,0.0,360.0,37.0,Stopped
2024-01-01 17:00:00,338433573.0,27.96673,-82.80517,0.2,360.0,37.0,Stopped
2024-01-01 17:20:00,338433573.0,27.96676,-82.80516,0.2,360.0,37.0,Stopped
2024-01-01 17:25:00,338433573.0,27.96676,-82.80515,0.1,360.0,37.0,Stopped
2024-01-01 17:40:00,338433573.0,27.96676,-82.80514,0.0,360.0,37.0,Stopped
2024-01-01 17:45:00,338433573.0,27.9668,-82.80515,0.0,360.0,37.0,Stopped
2024-01-01 17:50:00,338433573.0,27.96677,-82.80515,0.0,360.0,37.0,Stopped
2024-01-01 17:55:00,338433573.0,27.96683,-82.80516,0.1,360.0,37.0,Stopped
2024-01-01 18:25:00,338433573.0,27.96677,-82.80519,0.2,360.0,37.0,Stopped
2024-01-01 18:30:00,338433573.0,27.96683,-82.80517,0.0,360.0,37.0,Stopped
2024-01-01 18:40:00,338433573.0,27.96678,-82.80518,0.4,360.0,37.0,Stopped
2024-01-01 18:50:00,338433573.0,27.96682,-82.80516,0.3,360.0,37.0,Stopped
2024-01-01 18:55:00,338433573.0,27.96682,-82.80518,0.1,360.0,37.0,Stopped
2024-01-01 19:00:00,338433573.0,27.9668,-82.80518,0.1,360.0,37.0,Stopped
2024-01-01 19:05:00,338433573.0,27.9668,-82.80514,0.1,360.0,37.0,Stopped
2024-01-01 19:20:00,338433573.0,27.96682,-82.80515,0.3,360.0,37.0,Stopped
2024-01-01 19:25:00,338433573.0,27.96685,-82.80518,0.0,360.0,37.0,Stopped
2024-01-01 19:30:00,338433573.0,27.96682,-82.80519,0.2,360.0,37.0,Stopped
2024-01-01 19:35:00,338433573.0,27.96677,-82.80526,0.0,360.0,37.0,Stopped
2024-01-01 19:45:00,338433573.0,27.96683,-82.80515,0.1,360.0,37.0,Stopped
2024-01-01 20:00:00,338433573.0,27.96683,-82.80522,0.2,360.0,37.0,Stopped
2024-01-01 20:05:00,338433573.0,27.96679,-82.80521,0.1,360.0,37.0,Stopped
2024-01-01 20:10:00,338433573.0,27.96676,-82.80519,0.2,360.0,37.0,Stopped
2024-01-01 20:20:00,338433573.0,27.96682,-82.80521,0.1,360.0,37.0,Stopped
2024-01-01 20:30:00,338433573.0,27.9668,-82.80519,0.0,360.0,37.0,Stopped
2024-01-01 20:35:00,338433573.0,27.96679,-82.8052,0.1,360.0,37.0,Stopped
2024-01-01 20:40:00,338433573.0,27.96681,-82.80519,0.1,360.0,37.0,Stopped
2024-01-01 20:45:00,338433573.0,27.96679,-82.80519,0.0,360.0,37.0,Stopped
2024-01-01 20:50:00,338433573.0,27.96679,-82.80516,0.2,360.0,37.0,Stopped
2024-01-01 20:55:00,338433573.0,27.9668,-82.80521,0.1,360.0,37.0,Stopped
2024-01-01 21:05:00,338433573.0,27.96682,-82.80512,0.0,360.0,37.0,Stopped
2024-01-01 21:10:00,338433573.0,27.96682,-82.80514,0.1,360.0,37.0,Stopped
2024-01-01 21:15:00,338433573.0,27.96681,-82.80513,0.1,360.0,37.0,Stopped
2024-01-01 21:20:00,338433573.0,27.96681,-82.80515,0.0,360.0,37.0,Stopped
2024-01-01 21:30:00,338433573.0,27.96681,-82.80518,0.0,360.0,37.0,Stopped
2024-01-01 21:35:00,338433573.0,27.96684,-82.80514,0.3,360.0,37.0,Stopped
2024-01-01 21:40:00,338433573.0,27.96685,-82.8051,0.1,360.0,37.0,Stopped
2024-01-01 21:45:00,338433573.0,27.9668,-82.80513,0.2,360.0,37.0,Stopped
2024-01-01 21:50:00,338433573.0,27.96682,-82.8051,0.0,360.0,37.0,Stopped
2024-01-01 21:55:00,338433573.0,27.96677,-82.80514,0.1,360.0,37.0,Stopped
2024-01-01 22:00:00,338433573.0,27.96679,-82.80514,0.1,360.0,37.0,Stopped
2024-01-01 22:05:00,338433573.0,27.96677,-82.80512,0.2,360.0,37.0,Stopped
2024-01-01 22:15:00,338433573.0,27.96674,-82.80516,0.2,360.0,37.0,Stopped
2024-01-01 22:20:00,338433573.0,27.96679,-82.80518,0.3,360.0,37.0,Stopped
2024-01-01 22:25:00,338433573.0,27.96673,-82.80514,0.1,360.0,37.0,Stopped
2024-01-01 22:30:00,338433573.0,27.96676,-82.80518,0.1,360.0,37.0,Stopped
2024-01-01 22:35:00,338433573.0,27.96672,-82.80519,0.3,360.0,37.0,Stopped
2024-01-01 22:40:00,338433573.0,27.96676,-82.80526,0.7,360.0,37.0,Stopped
2024-01-01 22:45:00,338433573.0,27.96673,-82.80521,0.0,360.0,37.0,Stopped
2024-01-01 22:55:00,338433573.0,27.9667,-82.80519,0.1,360.0,37.0,Stopped
2024-01-01 23:00:00,338433573.0,27.9667,-82.8052,0.0,360.0,37.0,Stopped
2024-01-01 23:10:00,338433573.0,27.96676,-82.80517,0.5,360.0,37.0,Stopped
2024-01-01 23:15:00,338433573.0,27.96675,-82.8052,0.2,360.0,37.0,Stopped
2024-01-01 23:20:00,338433573.0,27.96671,-82.80519,0.2,360.0,37.0,Stopped
2024-01-01 23:25:00,338433573.0,27.96672,-82.80523,0.2,360.0,37.0,Stopped
2024-01-01 23:30:00,338433573.0,27.96673,-82.8052,0.1,360.0,37.0,Stopped
2024-01-01 23:35:00,338433573.0,27.96676,-82.80513,0.2,360.0,37.0,Stopped
2024-01-01 23:40:00,338433573.0,27.96677,-82.80516,0.1,360.0,37.0,Stopped
2024-01-01 23:45:00,338433573.0,27.96683,-82.80518,0.0,360.0,37.0,Stopped
2024-01-01 23:50:00,338433573.0,27.96674,-82.80517,0.1,360.0,37.0,Stopped
2024-01-01 23:55:00,338433573.0,27.96677,-82.80523,0.1,360.0,37.0,Stopped
2024-01-01 00:00:00,354429000.0,29.8977,-89.91078,0.0,166.9,70.0,Stopped
2024-01-01 00:05:00,354429000.0,29.89773,-89.91077,0.1,166.9,70.0,Stopped
2024-01-01 00:10:00,354429000.0,29.89777,-89.91083,0.1,166.9,70.0,Stopped
2024-01-01 00:15:00,354429000.0,29.89775,-89.9108,0.0,166.9,70.0,Stopped
2024-01-01 00:20:00,354429000.0,29.89781,-89.91084,0.0,166.9,70.0,Stopped
2024-01-01 00:25:00,354429000.0,29.89768,-89.91087,0.0,166.9,70.0,Stopped
2024-01-01 00:30:00,354429000.0,29.89773,-89.91081,0.0,166.9,70.0,Stopped
2024-01-01 00:35:00,354429000.0,29.89778,-89.91086,0.1,166.9,70.0,Stopped
2024-01-01 00:40:00,354429000.0,29.89782,-89.91082,0.0,166.9,70.0,Stopped
2024-01-01 00:45:00,354429000.0,29.89782,-89.91083,0.1,166.9,70.0,Stopped
2024-01-01 00:50:00,354429000.0,29.89775,-89.91088,0.0,166.9,70.0,Stopped
2024-01-01 01:00:00,354429000.0,29.89776,-89.91083,0.0,166.9,70.0,Stopped
2024-01-01 01:05:00,354429000.0,29.89779,-89.91083,0.0,166.9,70.0,Stopped
2024-01-01 01:10:00,354429000.0,29.89779,-89.91081,0.0,166.9,70.0,Stopped
2024-01-01 01:15:00,354429000.0,29.89774,-89.91075,0.0,166.9,70.0,Stopped
2024-01-01 01:20:00,354429000.0,29.89776,-89.91079,0.0,166.9,70.0,Stopped
2024-01-01 01:25:00,354429000.0,29.89775,-89.91079,0.0,166.9,70.0,Stopped
2024-01-01 01:30:00,354429000.0,29.89767,-89.91075,0.1,150.5,70.0,Stopped
2024-01-01 01:35:00,354429000.0,29.89779,-89.91079,0.0,150.5,70.0,Stopped
2024-01-01 01:40:00,354429000.0,29.89776,-89.91073,0.0,150.5,70.0,Stopped
2024-01-01 01:45:00,354429000.0,29.89775,-89.91072,0.0,150.5,70.0,Stopped
2024-01-01 01:50:00,354429000.0,29.89776,-89.91072,0.0,150.5,70.0,Stopped
2024-01-01 02:00:00,354429000.0,29.89778,-89.91069,0.0,150.5,70.0,Stopped
2024-01-01 02:10:00,354429000.0,29.89774,-89.91058,0.0,150.5,70.0,Stopped
2024-01-01 02:20:00,354429000.0,29.89782,-89.91048,0.0,150.5,70.0,Stopped
2024-01-01 02:25:00,354429000.0,29.89786,-89.91048,0.0,150.5,70.0,Stopped
2024-01-01 02:30:00,354429000.0,29.89787,-89.91046,0.0,150.5,70.0,Stopped
2024-01-01 02:35:00,354429000.0,29.89791,-89.91044,0.0,150.5,70.0,Stopped
2024-01-01 02:40:00,354429000.0,29.89784,-89.91046,0.0,150.5,70.0,Stopped
2024-01-01 02:45:00,354429000.0,29.8979,-89.9105,0.0,150.5,70.0,Stopped
2024-01-01 02:50:00,354429000.0,29.89787,-89.91044,0.0,150.5,70.0,Stopped
2024-01-01 02:55:00,354429000.0,29.89788,-89.91042,0.0,150.5,70.0,Stopped
2024-01-01 03:00:00,354429000.0,29.89786,-89.91036,0.0,150.5,70.0,Stopped
2024-01-01 03:05:00,354429000.0,29.89789,-89.91034,0.0,150.5,70.0,Stopped
2024-01-01 03:10:00,354429000.0,29.89793,-89.91034,0.0,150.5,70.0,Stopped
2024-01-01 03:15:00,354429000.0,29.89791,-89.91033,0.0,150.5,70.0,Stopped
2024-01-01 03:20:00,354429000.0,29.89793,-89.91025,0.0,150.5,70.0,Stopped
2024-01-01 03:25:00,354429000.0,29.8979,-89.91029,0.0,150.5,70.0,Stopped
2024-01-01 03:30:00,354429000.0,29.89797,-89.91034,0.0,150.5,70.0,Stopped
2024-01-01 03:35:00,354429000.0,29.89795,-89.91026,0.0,150.5,70.0,Stopped
2024-01-01 03:40:00,354429000.0,29.89791,-89.91027,0.0,150.5,70.0,Stopped
2024-01-01 03:45:00,354429000.0,29.89791,-89.91029,0.0,150.5,70.0,Stopped
2024-01-01 03:50:00,354429000.0,29.89795,-89.91034,0.0,150.5,70.0,Stopped
2024-01-01 03:55:00,354429000.0,29.89797,-89.91037,0.0,150.5,70.0,Stopped
2024-01-01 04:00:00,354429000.0,29.89799,-89.91033,0.0,150.5,70.0,Stopped
2024-01-01 04:05:00,354429000.0,29.89787,-89.91029,0.0,150.5,70.0,Stopped
2024-01-01 04:10:00,354429000.0,29.89791,-89.91035,0.0,150.5,70.0,Stopped
2024-01-01 04:15:00,354429000.0,29.89797,-89.91033,0.0,150.5,70.0,Stopped
2024-01-01 04:20:00,354429000.0,29.89791,-89.91036,0.0,150.5,70.0,Stopped
2024-01-01 04:25:00,354429000.0,29.89788,-89.91037,0.0,150.5,70.0,Stopped
2024-01-01 04:30:00,354429000.0,29.89786,-89.9104,0.0,150.5,70.0,Stopped
2024-01-01 04:35:00,354429000.0,29.8979,-89.91044,0.0,150.5,70.0,Stopped
2024-01-01 04:45:00,354429000.0,29.89785,-89.91045,0.0,150.5,70.0,Stopped
2024-01-01 04:50:00,354429000.0,29.89788,-89.91043,0.0,150.5,70.0,Stopped
2024-01-01 04:55:00,354429000.0,29.89791,-89.91042,0.0,150.5,70.0,Stopped
2024-01-01 05:00:00,354429000.0,29.89787,-89.91045,0.0,150.5,70.0,Stopped
2024-01-01 05:05:00,354429000.0,29.89787,-89.91042,0.0,150.5,70.0,Stopped
2024-01-01 05:10:00,354429000.0,29.89784,-89.91041,0.0,150.5,70.0,Stopped
2024-01-01 05:15:00,354429000.0,29.89788,-89.91038,0.0,150.5,70.0,Stopped
2024-01-01 05:20:00,354429000.0,29.89794,-89.91036,0.0,150.5,70.0,Stopped
2024-01-01 05:25:00,354429000.0,29.89789,-89.9104,0.0,150.5,70.0,Stopped
2024-01-01 05:30:00,354429000.0,29.89788,-89.9104,0.0,150.5,70.0,Stopped
2024-01-01 05:40:00,354429000.0,29.89791,-89.91039,0.0,150.5,70.0,Stopped
2024-01-01 05:45:00,354429000.0,29.89791,-89.9104,0.0,150.5,70.0,Stopped
2024-01-01 05:50:00,354429000.0,29.89792,-89.91039,0.0,150.5,70.0,Stopped
2024-01-01 05:55:00,354429000.0,29.89792,-89.91034,0.0,150.5,70.0,Stopped
2024-01-01 06:00:00,354429000.0,29.8979,-89.91036,0.0,150.5,70.0,Stopped
2024-01-01 06:05:00,354429000.0,29.8979,-89.91037,0.0,150.5,70.0,Stopped
2024-01-01 06:10:00,354429000.0,29.89793,-89.91036,0.0,150.5,70.0,Stopped
2024-01-01 06:15:00,354429000.0,29.89787,-89.91039,0.0,150.5,70.0,Stopped
2024-01-01 06:20:00,354429000.0,29.89783,-89.91037,0.0,150.5,70.0,Stopped
2024-01-01 06:25:00,354429000.0,29.89787,-89.91043,0.0,150.5,70.0,Stopped
2024-01-01 06:30:00,354429000.0,29.89788,-89.91047,0.0,150.5,70.0,Stopped
2024-01-01 06:40:00,354429000.0,29.89785,-89.91049,0.0,150.5,70.0,Stopped
2024-01-01 06:45:00,354429000.0,29.89785,-89.91048,0.0,150.5,70.0,Stopped
2024-01-01 06:50:00,354429000.0,29.89791,-89.91051,0.0,150.5,70.0,Stopped
2024-01-01 06:55:00,354429000.0,29.8979,-89.91048,0.0,150.5,70.0,Stopped
2024-01-01 07:05:00,354429000.0,29.89788,-89.91044,0.0,150.5,70.0,Stopped
2024-01-01 07:10:00,354429000.0,29.89783,-89.91041,0.0,150.5,70.0,Stopped
2024-01-01 07:20:00,354429000.0,29.89784,-89.91051,0.0,150.5,70.0,Stopped
2024-01-01 07:25:00,354429000.0,29.89782,-89.91053,0.0,150.5,70.0,Stopped
2024-01-01 07:30:00,354429000.0,29.89785,-89.9105,0.0,150.5,70.0,Stopped
2024-01-01 07:35:00,354429000.0,29.89787,-89.91048,0.0,150.5,70.0,Stopped
2024-01-01 07:40:00,354429000.0,29.89786,-89.91045,0.0,150.5,70.0,Stopped
2024-01-01 07:45:00,354429000.0,29.89786,-89.91043,0.0,150.5,70.0,Stopped
2024-01-01 07:50:00,354429000.0,29.89796,-89.91047,0.0,150.5,70.0,Stopped
2024-01-01 07:55:00,354429000.0,29.8979,-89.91047,0.0,150.5,70.0,Stopped
2024-01-01 08:00:00,354429000.0,29.89785,-89.91042,0.0,150.5,70.0,Stopped
2024-01-01 08:05:00,354429000.0,29.89792,-89.91047,0.0,150.5,70.0,Stopped
2024-01-01 08:10:00,354429000.0,29.8979,-89.91045,0.0,150.5,70.0,Stopped
2024-01-01 08:15:00,354429000.0,29.89786,-89.91046,0.0,150.5,70.0,Stopped
2024-01-01 08:20:00,354429000.0,29.89782,-89.91049,0.1,150.5,70.0,Stopped
2024-01-01 08:30:00,354429000.0,29.89778,-89.91057,0.1,150.5,70.0,Stopped
2024-01-01 08:35:00,354429000.0,29.89781,-89.91056,0.0,150.5,70.0,Stopped
2024-01-01 08:40:00,354429000.0,29.89779,-89.91061,0.0,150.5,70.0,Stopped
2024-01-01 08:50:00,354429000.0,29.89774,-89.91061,0.1,150.5,70.0,Stopped
2024-01-01 08:55:00,354429000.0,29.89772,-89.91061,0.0,150.5,70.0,Stopped
2024-01-01 09:05:00,354429000.0,29.89784,-89.91049,0.0,150.5,70.0,Stopped
2024-01-01 09:10:00,354429000.0,29.89782,-89.91045,0.0,150.5,70.0,Stopped
2024-01-01 09:15:00,354429000.0,29.89786,-89.91044,0.0,150.5,70.0,Stopped
2024-01-01 09:20:00,354429000.0,29.89779,-89.91045,0.0,150.5,70.0,Stopped
2024-01-01 09:25:00,354429000.0,29.8978,-89.91045,0.0,150.5,70.0,Stopped
2024-01-01 09:30:00,354429000.0,29.89775,-89.91048,0.0,150.5,70.0,Stopped
2024-01-01 09:40:00,354429000.0,29.8978,-89.91055,0.0,150.5,70.0,Stopped
2024-01-01 09:45:00,354429000.0,29.89775,-89.91055,0.0,150.5,70.0,Stopped
2024-01-01 09:50:00,354429000.0,29.89773,-89.91055,0.0,150.5,70.0,Stopped
2024-01-01 10:05:00,354429000.0,29.8978,-89.91054,0.0,150.5,70.0,Stopped
2024-01-01 10:10:00,354429000.0,29.89782,-89.91055,0.0,150.5,70.0,Stopped
2024-01-01 10:15:00,354429000.0,29.89774,-89.9105,0.0,150.5,70.0,Stopped
2024-01-01 10:20:00,354429000.0,29.89767,-89.91045,0.3,144.0,70.0,Stopped
2024-01-01 10:25:00,354429000.0,29.89776,-89.91052,0.2,322.3,70.0,Stopped
2024-01-01 10:30:00,354429000.0,29.89795,-89.91048,0.0,322.3,70.0,Stopped
2024-01-01 10:40:00,354429000.0,29.89768,-89.91046,0.1,322.3,70.0,Stopped
2024-01-01 10:45:00,354429000.0,29.89779,-89.91044,0.2,359.9,70.0,Stopped
2024-01-01 10:50:00,354429000.0,29.8978,-89.91043,0.1,2.8,70.0,Stopped
2024-01-01 10:55:00,354429000.0,29.89783,-89.91051,0.1,2.8,70.0,Stopped
2024-01-01 11:00:00,354429000.0,29.89775,-89.91046,0.0,2.8,70.0,Stopped
2024-01-01 11:05:00,354429000.0,29.89778,-89.91049,0.0,2.8,70.0,Stopped
2024-01-01 11:10:00,354429000.0,29.8978,-89.9105,0.0,2.8,70.0,Stopped
2024-01-01 11:15:00,354429000.0,29.8978,-89.91051,0.0,2.8,70.0,Stopped
2024-01-01 11:20:00,354429000.0,29.8978,-89.91047,0.0,2.8,70.0,Stopped
2024-01-01 11:25:00,354429000.0,29.89778,-89.91045,0.0,2.8,70.0,Stopped
2024-01-01 11:30:00,354429000.0,29.89778,-89.91044,0.0,2.8,70.0,Stopped
2024-01-01 11:35:00,354429000.0,29.89786,-89.91041,0.0,2.8,70.0,Stopped
2024-01-01 11:40:00,354429000.0,29.89784,-89.9105,0.0,2.8,70.0,Stopped
2024-01-01 11:50:00,354429000.0,29.89775,-89.91051,0.0,2.8,70.0,Stopped
2024-01-01 11:55:00,354429000.0,29.89776,-89.91055,0.1,2.8,70.0,Stopped
2024-01-01 12:10:00,354429000.0,29.89779,-89.91063,0.0,2.8,70.0,Stopped
2024-01-01 12:15:00,354429000.0,29.89772,-89.91055,0.0,2.8,70.0,Stopped
2024-01-01 12:20:00,354429000.0,29.89773,-89.91054,0.1,2.8,70.0,Stopped
2024-01-01 12:25:00,354429000.0,29.89777,-89.91049,0.0,2.8,70.0,Stopped
2024-01-01 12:30:00,354429000.0,29.89783,-89.91049,0.0,2.8,70.0,Stopped
2024-01-01 12:35:00,354429000.0,29.89776,-89.91053,0.0,2.8,70.0,Stopped
2024-01-01 12:45:00,354429000.0,29.89782,-89.91051,0.0,2.8,70.0,Stopped
2024-01-01 12:55:00,354429000.0,29.89785,-89.91052,0.0,2.8,70.0,Stopped
2024-01-01 13:00:00,354429000.0,29.89776,-89.91051,0.0,2.8,70.0,Stopped
2024-01-01 13:05:00,354429000.0,29.89778,-89.91052,0.0,2.8,70.0,Stopped
2024-01-01 13:10:00,354429000.0,29.8979,-89.91053,0.0,2.8,70.0,Stopped
2024-01-01 13:15:00,354429000.0,29.89775,-89.91056,0.0,2.8,70.0,Stopped
2024-01-01 13:25:00,354429000.0,29.8978,-89.91056,0.0,2.8,70.0,Stopped
2024-01-01 13:30:00,354429000.0,29.89782,-89.91056,0.0,2.8,70.0,Stopped
2024-01-01 13:40:00,354429000.0,29.89777,-89.91056,0.0,2.8,70.0,Stopped
2024-01-01 13:45:00,354429000.0,29.89779,-89.91056,0.1,2.8,70.0,Stopped
2024-01-01 13:50:00,354429000.0,29.89788,-89.91058,0.0,2.8,70.0,Stopped
2024-01-01 13:55:00,354429000.0,29.89781,-89.91057,0.0,2.8,70.0,Stopped
2024-01-01 14:00:00,354429000.0,29.89774,-89.91055,0.0,2.8,70.0,Stopped
2024-01-01 14:05:00,354429000.0,29.8978,-89.91058,0.0,2.8,70.0,Stopped
2024-01-01 14:15:00,354429000.0,29.89775,-89.9106,0.0,2.8,70.0,Stopped
2024-01-01 14:20:00,354429000.0,29.89777,-89.91055,0.0,2.8,70.0,Stopped
2024-01-01 14:35:00,354429000.0,29.89777,-89.91061,0.0,2.8,70.0,Stopped
2024-01-01 14:40:00,354429000.0,29.89777,-89.91067,0.0,2.8,70.0,Stopped
2024-01-01 14:45:00,354429000.0,29.89775,-89.91068,0.0,2.8,70.0,Stopped
2024-01-01 14:50:00,354429000.0,29.89773,-89.91063,0.0,2.8,70.0,Stopped
2024-01-01 14:55:00,354429000.0,29.89777,-89.91058,0.0,2.8,70.0,Stopped
2024-01-01 15:00:00,354429000.0,29.89778,-89.91058,0.0,2.8,70.0,Stopped
2024-01-01 15:05:00,354429000.0,29.89778,-89.91061,0.0,2.8,70.0,Stopped
2024-01-01 15:10:00,354429000.0,29.89774,-89.91062,0.0,2.8,70.0,Stopped
2024-01-01 15:15:00,354429000.0,29.89773,-89.91065,0.0,2.8,70.0,Stopped
2024-01-01 15:25:00,354429000.0,29.89768,-89.9107,0.0,2.8,70.0,Stopped
2024-01-01 15:30:00,354429000.0,29.89766,-89.91061,0.0,2.8,70.0,Stopped
2024-01-01 15:35:00,354429000.0,29.89767,-89.91076,0.1,2.8,70.0,Stopped
2024-01-01 15:40:00,354429000.0,29.89768,-89.91077,0.0,2.8,70.0,Stopped
2024-01-01 15:50:00,354429000.0,29.89763,-89.91083,0.1,2.8,70.0,Stopped
2024-01-01 15:55:00,354429000.0,29.89766,-89.9108,0.0,2.8,70.0,Stopped
2024-01-01 16:00:00,354429000.0,29.89766,-89.91075,0.0,157.5,70.0,Stopped
2024-01-01 16:05:00,354429000.0,29.89764,-89.91076,0.0,157.5,70.0,Stopped
2024-01-01 16:10:00,354429000.0,29.89768,-89.91075,0.0,157.5,70.0,Stopped
2024-01-01 16:15:00,354429000.0,29.89765,-89.91074,0.0,157.5,70.0,Stopped
2024-01-01 16:20:00,354429000.0,29.89768,-89.91071,0.0,157.5,70.0,Stopped
2024-01-01 16:25:00,354429000.0,29.89767,-89.91068,0.0,157.5,70.0,Stopped
2024-01-01 16:30:00,354429000.0,29.89768,-89.9106,0.0,157.5,70.0,Stopped
2024-01-01 16:35:00,354429000.0,29.89766,-89.91065,0.0,157.5,70.0,Stopped
2024-01-01 16:40:00,354429000.0,29.89762,-89.91062,0.1,157.5,70.0,Stopped
2024-01-01 16:45:00,354429000.0,29.89771,-89.91059,0.0,157.5,70.0,Stopped
2024-01-01 16:50:00,354429000.0,29.89758,-89.91058,0.0,157.5,70.0,Stopped
2024-01-01 16:55:00,354429000.0,29.89763,-89.9106,0.1,157.5,70.0,Stopped
2024-01-01 17:00:00,354429000.0,29.89768,-89.91063,0.0,157.5,70.0,Stopped
2024-01-01 17:05:00,354429000.0,29.89768,-89.91065,0.0,157.5,70.0,Stopped
2024-01-01 17:10:00,354429000.0,29.89767,-89.9106,0.0,157.5,70.0,Stopped
2024-01-01 17:15:00,354429000.0,29.8977,-89.91059,0.1,157.5,70.0,Stopped
2024-01-01 17:20:00,354429000.0,29.89765,-89.91058,0.1,157.5,70.0,Stopped
2024-01-01 17:25:00,354429000.0,29.89765,-89.91064,0.0,157.5,70.0,Stopped
2024-01-01 17:30:00,354429000.0,29.89768,-89.91064,0.1,157.5,70.0,Stopped
2024-01-01 17:40:00,354429000.0,29.89765,-89.91061,0.0,157.5,70.0,Stopped
2024-01-01 17:45:00,354429000.0,29.89766,-89.91064,0.0,157.5,70.0,Stopped
2024-01-01 17:50:00,354429000.0,29.89767,-89.91059,0.0,157.5,70.0,Stopped
2024-01-01 17:55:00,354429000.0,29.89766,-89.91057,0.0,157.5,70.0,Stopped
2024-01-01 18:00:00,354429000.0,29.89769,-89.9106,0.0,157.5,70.0,Stopped
2024-01-01 18:05:00,354429000.0,29.89764,-89.91059,0.0,157.5,70.0,Stopped
2024-01-01 18:10:00,354429000.0,29.89762,-89.91056,0.0,157.5,70.0,Stopped
2024-01-01 18:15:00,354429000.0,29.89766,-89.91058,0.0,157.5,70.0,Stopped
2024-01-01 18:20:00,354429000.0,29.89764,-89.91052,0.0,157.5,70.0,Stopped
2024-01-01 18:25:00,354429000.0,29.89765,-89.9105,0.0,157.5,70.0,Stopped
2024-01-01 18:30:00,354429000.0,29.89764,-89.91043,0.1,157.5,70.0,Stopped
2024-01-01 18:40:00,354429000.0,29.89772,-89.91047,0.0,157.5,70.0,Stopped
2024-01-01 18:50:00,354429000.0,29.89771,-89.91043,0.0,157.5,70.0,Stopped
2024-01-01 18:55:00,354429000.0,29.89773,-89.91043,0.0,157.5,70.0,Stopped
2024-01-01 19:00:00,354429000.0,29.8977,-89.91042,0.0,157.5,70.0,Stopped
2024-01-01 19:05:00,354429000.0,29.89769,-89.91041,0.0,157.5,70.0,Stopped
2024-01-01 19:10:00,354429000.0,29.89772,-89.91044,0.0,157.5,70.0,Stopped
2024-01-01 19:20:00,354429000.0,29.89776,-89.91035,0.1,157.5,70.0,Stopped
2024-01-01 19:25:00,354429000.0,29.89768,-89.9104,0.0,157.5,70.0,Stopped
2024-01-01 19:35:00,354429000.0,29.89768,-89.91044,0.1,157.5,70.0,Stopped
2024-01-01 19:40:00,354429000.0,29.89766,-89.91043,0.0,157.5,70.0,Stopped
2024-01-01 19:45:00,354429000.0,29.89767,-89.91044,0.1,157.5,70.0,Stopped
2024-01-01 19:55:00,354429000.0,29.89769,-89.91043,0.0,157.5,70.0,Stopped
2024-01-01 20:00:00,354429000.0,29.89769,-89.91044,0.0,157.5,70.0,Stopped
2024-01-01 20:10:00,354429000.0,29.89766,-89.91045,0.0,157.5,70.0,Stopped
2024-01-01 20:15:00,354429000.0,29.89768,-89.91041,0.0,157.5,70.0,Stopped
2024-01-01 20:20:00,354429000.0,29.8977,-89.91038,0.0,157.5,70.0,Stopped
2024-01-01 20:25:00,354429000.0,29.89768,-89.91033,0.0,157.5,70.0,Stopped
2024-01-01 20:30:00,354429000.0,29.89769,-89.91031,0.0,157.5,70.0,Stopped
2024-01-01 20:40:00,354429000.0,29.89774,-89.91022,0.0,157.5,70.0,Stopped
2024-01-01 20:45:00,354429000.0,29.89774,-89.91026,0.0,157.5,70.0,Stopped
2024-01-01 20:50:00,354429000.0,29.89771,-89.91023,0.0,157.5,70.0,Stopped
2024-01-01 20:55:00,354429000.0,29.89772,-89.91025,0.0,157.5,70.0,Stopped
2024-01-01 21:00:00,354429000.0,29.89773,-89.91028,0.0,157.5,70.0,Stopped
2024-01-01 21:05:00,354429000.0,29.89769,-89.91033,0.0,157.5,70.0,Stopped
2024-01-01 21:10:00,354429000.0,29.8977,-89.91028,0.0,157.5,70.0,Stopped
2024-01-01 21:15:00,354429000.0,29.89768,-89.91026,0.1,157.5,70.0,Stopped
2024-01-01 21:20:00,354429000.0,29.89774,-89.91028,0.0,157.5,70.0,Stopped
2024-01-01 21:25:00,354429000.0,29.8977,-89.91026,0.0,157.5,70.0,Stopped
2024-01-01 21:30:00,354429000.0,29.8977,-89.91024,0.0,157.5,70.0,Stopped
2024-01-01 21:40:00,354429000.0,29.8977,-89.91031,0.0,157.5,70.0,Stopped
2024-01-01 21:45:00,354429000.0,29.89768,-89.91035,0.1,157.5,70.0,Stopped
2024-01-01 21:50:00,354429000.0,29.89771,-89.91035,0.1,157.5,70.0,Stopped
2024-01-01 21:55:00,354429000.0,29.89766,-89.91034,0.1,157.5,70.0,Stopped
2024-01-01 22:00:00,354429000.0,29.89772,-89.91033,0.0,157.5,70.0,Stopped
2024-01-01 22:05:00,354429000.0,29.89769,-89.91035,0.0,157.5,70.0,Stopped
2024-01-01 22:15:00,354429000.0,29.8977,-89.91032,0.0,157.5,70.0,Stopped
2024-01-01 22:20:00,354429000.0,29.89769,-89.91029,0.0,157.5,70.0,Stopped
2024-01-01 22:25:00,354429000.0,29.89769,-89.91032,0.0,157.5,70.0,Stopped
2024-01-01 22:30:00,354429000.0,29.8977,-89.91033,0.0,157.5,70.0,Stopped
2024-01-01 22:35:00,354429000.0,29.89772,-89.91035,0.0,157.5,70.0,Stopped
2024-01-01 22:40:00,354429000.0,29.89769,-89.91034,0.0,157.5,70.0,Stopped
2024-01-01 22:45:00,354429000.0,29.89772,-89.91036,0.0,157.5,70.0,Stopped
2024-01-01 22:50:00,354429000.0,29.89771,-89.91034,0.0,157.5,70.0,Stopped
2024-01-01 22:55:00,354429000.0,29.89775,-89.9103,0.0,157.5,70.0,Stopped
2024-01-01 23:00:00,354429000.0,29.89775,-89.91034,0.0,157.5,70.0,Stopped
2024-01-01 23:05:00,354429000.0,29.89777,-89.9103,0.1,157.5,70.0,Stopped
2024-01-01 23:10:00,354429000.0,29.89772,-89.9103,0.2,330.3,70.0,Stopped
2024-01-01 23:15:00,354429000.0,29.89788,-89.91036,0.0,330.1,70.0,Stopped
2024-01-01 23:20:00,354429000.0,29.89772,-89.91042,0.1,330.1,70.0,Stopped
2024-01-01 23:25:00,354429000.0,29.89767,-89.91042,0.0,330.1,70.0,Stopped
2024-01-01 23:30:00,354429000.0,29.89779,-89.91037,0.1,330.1,70.0,Stopped
2024-01-01 23:35:00,354429000.0,29.89777,-89.91043,0.1,330.1,70.0,Stopped
2024-01-01 23:40:00,354429000.0,29.8977,-89.9104,0.1,330.1,70.0,Stopped
2024-01-01 23:45:00,354429000.0,29.89777,-89.91039,0.1,330.1,70.0,Stopped
2024-01-01 23:50:00,354429000.0,29.89774,-89.91039,0.0,330.1,70.0,Stopped
2024-01-01 23:55:00,354429000.0,29.89766,-89.91036,0.0,330.1,70.0,Stopped
2024-01-01 00:00:00,355245000.0,28.87131,-90.11186,0.0,194.6,30.0,Stopped
2024-01-01 00:10:00,355245000.0,28.87129,-90.11186,0.0,194.6,30.0,Stopped
2024-01-01 00:15:00,355245000.0,28.87127,-90.11193,0.0,194.6,30.0,Stopped
2024-01-01 00:25:00,355245000.0,28.87124,-90.11203,0.0,194.6,30.0,Stopped
2024-01-01 00:30:00,355245000.0,28.8712,-90.1121,0.0,194.6,30.0,Stopped
2024-01-01 00:35:00,355245000.0,28.87122,-90.11217,0.0,194.6,30.0,Stopped
2024-01-01 00:40:00,355245000.0,28.87122,-90.11216,0.0,194.6,30.0,Stopped
2024-01-01 00:55:00,355245000.0,28.87129,-90.11194,0.0,194.6,30.0,Stopped
2024-01-01 01:00:00,355245000.0,28.87129,-90.11193,0.0,194.6,30.0,Stopped
2024-01-01 01:05:00,355245000.0,28.87128,-90.11194,0.0,194.6,30.0,Stopped
2024-01-01 01:10:00,355245000.0,28.87127,-90.11196,0.0,194.6,30.0,Stopped
2024-01-01 01:15:00,355245000.0,28.87128,-90.11198,0.0,194.6,30.0,Stopped
2024-01-01 01:20:00,355245000.0,28.8713,-90.11202,0.0,194.6,30.0,Stopped
2024-01-01 01:25:00,355245000.0,28.87126,-90.1121,0.0,194.6,30.0,Stopped
2024-01-01 01:30:00,355245000.0,28.87118,-90.1121,0.0,194.6,30.0,Stopped
2024-01-01 01:35:00,355245000.0,28.8712,-90.11213,0.0,194.6,30.0,Stopped
2024-01-01 01:40:00,355245000.0,28.87121,-90.11211,0.0,194.6,30.0,Stopped
2024-01-01 01:45:00,355245000.0,28.87122,-90.11204,0.0,194.6,30.0,Stopped
2024-01-01 01:50:00,355245000.0,28.87124,-90.11197,0.0,194.6,30.0,Stopped
2024-01-01 02:00:00,355245000.0,28.87132,-90.1119,0.0,194.6,30.0,Stopped
2024-01-01 02:05:00,355245000.0,28.87126,-90.11195,0.0,194.6,30.0,Stopped
2024-01-01 02:10:00,355245000.0,28.87126,-90.11193,0.0,194.6,30.0,Stopped
2024-01-01 02:15:00,355245000.0,28.87129,-90.11195,0.0,194.6,30.0,Stopped
2024-01-01 02:20:00,355245000.0,28.87126,-90.112,0.0,194.6,30.0,Stopped
2024-01-01 02:30:00,355245000.0,28.87123,-90.11201,0.0,194.6,30.0,Stopped
2024-01-01 02:35:00,355245000.0,28.87128,-90.11201,0.0,194.6,30.0,Stopped
2024-01-01 02:40:00,355245000.0,28.87131,-90.11196,0.0,194.6,30.0,Stopped
2024-01-01 02:45:00,355245000.0,28.87131,-90.11194,0.0,194.6,30.0,Stopped
2024-01-01 02:55:00,355245000.0,28.87129,-90.11202,0.0,194.6,30.0,Stopped
2024-01-01 03:05:00,355245000.0,28.87123,-90.11209,0.0,194.6,30.0,Stopped
2024-01-01 03:10:00,355245000.0,28.87124,-90.11214,0.0,194.6,30.0,Stopped
2024-01-01 03:15:00,355245000.0,28.87118,-90.11215,0.0,194.6,30.0,Stopped
2024-01-01 03:20:00,355245000.0,28.87117,-90.1122,0.0,194.6,30.0,Stopped
2024-01-01 03:25:00,355245000.0,28.87116,-90.11219,0.0,194.6,30.0,Stopped
2024-01-01 03:30:00,355245000.0,28.87115,-90.11221,0.0,194.6,30.0,Stopped
2024-01-01 03:35:00,355245000.0,28.87118,-90.11218,0.0,194.6,30.0,Stopped
2024-01-01 03:40:00,355245000.0,28.87121,-90.11218,0.0,194.6,30.0,Stopped
2024-01-01 03:45:00,355245000.0,28.87121,-90.11217,0.0,194.6,30.0,Stopped
2024-01-01 03:50:00,355245000.0,28.87117,-90.11224,0.0,194.6,30.0,Stopped
2024-01-01 03:55:00,355245000.0,28.87114,-90.11227,0.0,194.6,30.0,Stopped
2024-01-01 04:00:00,355245000.0,28.87107,-90.11232,0.0,194.6,30.0,Stopped
2024-01-01 04:05:00,355245000.0,28.87107,-90.11236,0.0,194.6,30.0,Stopped
2024-01-01 04:10:00,355245000.0,28.87105,-90.11241,0.0,194.6,30.0,Stopped
2024-01-01 04:15:00,355245000.0,28.87104,-90.11239,0.0,194.6,30.0,Stopped
2024-01-01 04:20:00,355245000.0,28.87101,-90.11236,0.0,194.6,30.0,Stopped
2024-01-01 04:30:00,355245000.0,28.871,-90.1124,0.0,194.6,30.0,Stopped
2024-01-01 04:35:00,355245000.0,28.87098,-90.11241,0.0,194.6,30.0,Stopped
2024-01-01 04:40:00,355245000.0,28.87102,-90.11241,0.0,194.6,30.0,Stopped
2024-01-01 04:45:00,355245000.0,28.87101,-90.11242,0.0,194.6,30.0,Stopped
2024-01-01 04:50:00,355245000.0,28.87102,-90.11244,0.0,194.6,30.0,Stopped
2024-01-01 04:55:00,355245000.0,28.871,-90.11248,0.0,194.6,30.0,Stopped
2024-01-01 05:00:00,355245000.0,28.87099,-90.11244,0.0,194.6,30.0,Stopped
2024-01-01 05:05:00,355245000.0,28.87089,-90.11246,0.0,194.6,30.0,Stopped
2024-01-01 05:10:00,355245000.0,28.87093,-90.11247,0.0,194.6,30.0,Stopped
2024-01-01 05:15:00,355245000.0,28.87093,-90.11253,0.0,194.6,30.0,Stopped
2024-01-01 05:20:00,355245000.0,28.87099,-90.11246,0.0,194.6,30.0,Stopped
2024-01-01 05:25:00,355245000.0,28.87107,-90.11247,0.0,194.6,30.0,Stopped
2024-01-01 05:40:00,355245000.0,28.87108,-90.11244,0.0,194.6,30.0,Stopped
2024-01-01 05:50:00,355245000.0,28.87106,-90.11243,0.0,194.6,30.0,Stopped
2024-01-01 05:55:00,355245000.0,28.87107,-90.11239,0.0,194.6,30.0,Stopped
2024-01-01 06:00:00,355245000.0,28.87108,-90.11243,0.0,194.6,30.0,Stopped
2024-01-01 06:05:00,355245000.0,28.87109,-90.11243,0.0,194.6,30.0,Stopped
2024-01-01 06:10:00,355245000.0,28.87108,-90.1124,0.0,194.6,30.0,Stopped
2024-01-01 06:15:00,355245000.0,28.87105,-90.11245,0.0,194.6,30.0,Stopped
2024-01-01 06:25:00,355245000.0,28.87107,-90.11241,0.0,194.6,30.0,Stopped
2024-01-01 06:30:00,355245000.0,28.87112,-90.11238,0.0,194.6,30.0,Stopped
2024-01-01 06:35:00,355245000.0,28.87114,-90.11234,0.0,194.6,30.0,Stopped
2024-01-01 06:40:00,355245000.0,28.87118,-90.11227,0.0,194.6,30.0,Stopped
2024-01-01 06:45:00,355245000.0,28.87121,-90.11226,0.0,194.6,30.0,Stopped
2024-01-01 06:50:00,355245000.0,28.87125,-90.1122,0.0,194.6,30.0,Stopped
2024-01-01 06:55:00,355245000.0,28.87128,-90.1122,0.0,194.6,30.0,Stopped
2024-01-01 07:00:00,355245000.0,28.8713,-90.11223,0.0,194.6,30.0,Stopped
2024-01-01 07:20:00,355245000.0,28.87124,-90.11224,0.0,194.6,30.0,Stopped
2024-01-01 07:25:00,355245000.0,28.87123,-90.11222,0.0,194.6,30.0,Stopped
2024-01-01 07:30:00,355245000.0,28.87124,-90.11226,0.0,194.6,30.0,Stopped
2024-01-01 07:40:00,355245000.0,28.87125,-90.11223,0.0,194.6,30.0,Stopped
2024-01-01 07:45:00,355245000.0,28.87127,-90.11217,0.0,194.6,30.0,Stopped
2024-01-01 07:50:00,355245000.0,28.87129,-90.11212,0.0,194.6,30.0,Stopped
2024-01-01 07:55:00,355245000.0,28.87132,-90.11208,0.0,194.6,30.0,Stopped
2024-01-01 08:00:00,355245000.0,28.87131,-90.11206,0.0,194.6,30.0,Stopped
2024-01-01 08:05:00,355245000.0,28.87131,-90.11203,0.0,194.6,30.0,Stopped
2024-01-01 08:10:00,355245000.0,28.87132,-90.112,0.0,194.6,30.0,Stopped
2024-01-01 08:15:00,355245000.0,28.87136,-90.11199,0.0,194.6,30.0,Stopped
2024-01-01 08:20:00,355245000.0,28.87132,-90.11195,0.0,194.6,30.0,Stopped
2024-01-01 08:25:00,355245000.0,28.87135,-90.11193,0.0,194.6,30.0,Stopped
2024-01-01 08:30:00,355245000.0,28.87132,-90.1118,0.0,194.6,30.0,Stopped
2024-01-01 08:35:00,355245000.0,28.87133,-90.11175,0.0,194.6,30.0,Stopped
2024-01-01 08:40:00,355245000.0,28.87132,-90.11159,0.0,194.6,30.0,Stopped
2024-01-01 08:45:00,355245000.0,28.8713,-90.11161,0.0,194.6,30.0,Stopped
2024-01-01 08:50:00,355245000.0,28.87129,-90.11158,0.0,194.6,30.0,Stopped
2024-01-01 08:55:00,355245000.0,28.87126,-90.11151,0.0,194.6,30.0,Stopped
2024-01-01 09:00:00,355245000.0,28.87125,-90.11142,0.0,194.6,30.0,Stopped
2024-01-01 09:05:00,355245000.0,28.87123,-90.11143,0.0,194.6,30.0,Stopped
2024-01-01 09:10:00,355245000.0,28.87122,-90.11141,0.0,194.6,30.0,Stopped
2024-01-01 09:15:00,355245000.0,28.87119,-90.11138,0.0,194.6,30.0,Stopped
2024-01-01 09:20:00,355245000.0,28.87115,-90.1113,0.0,194.6,30.0,Stopped
2024-01-01 09:25:00,355245000.0,28.87114,-90.11127,0.0,194.6,30.0,Stopped
2024-01-01 09:35:00,355245000.0,28.87114,-90.11128,0.0,194.6,30.0,Stopped
2024-01-01 09:40:00,355245000.0,28.87115,-90.11129,0.0,194.6,30.0,Stopped
2024-01-01 09:45:00,355245000.0,28.87121,-90.11139,0.0,194.6,30.0,Stopped
2024-01-01 09:50:00,355245000.0,28.87125,-90.11147,0.0,194.6,30.0,Stopped
2024-01-01 09:55:00,355245000.0,28.87126,-90.11152,0.0,194.6,30.0,Stopped
2024-01-01 10:05:00,355245000.0,28.87127,-90.1115,0.0,194.6,30.0,Stopped
2024-01-01 10:10:00,355245000.0,28.87129,-90.11154,0.0,194.6,30.0,Stopped
2024-01-01 10:15:00,355245000.0,28.87139,-90.11169,0.0,194.6,30.0,Stopped
2024-01-01 10:20:00,355245000.0,28.87131,-90.1118,0.0,194.6,30.0,Stopped
2024-01-01 10:25:00,355245000.0,28.87135,-90.11182,0.0,194.6,30.0,Stopped
2024-01-01 10:35:00,355245000.0,28.8715,-90.11194,0.1,194.6,30.0,Stopped
2024-01-01 10:40:00,355245000.0,28.87158,-90.112,0.0,194.6,30.0,Stopped
2024-01-01 10:45:00,355245000.0,28.87155,-90.112,0.0,194.6,30.0,Stopped
2024-01-01 10:50:00,355245000.0,28.87154,-90.11195,0.0,194.6,30.0,Stopped
2024-01-01 10:55:00,355245000.0,28.87158,-90.11195,0.0,194.6,30.0,Stopped
2024-01-01 11:00:00,355245000.0,28.87153,-90.11187,0.0,194.6,30.0,Stopped
2024-01-01 11:05:00,355245000.0,28.87153,-90.11185,0.0,194.6,30.0,Stopped
2024-01-01 11:10:00,355245000.0,28.87154,-90.11179,0.0,194.6,30.0,Stopped
2024-01-01 11:15:00,355245000.0,28.8715,-90.11175,0.0,194.6,30.0,Stopped
2024-01-01 11:25:00,355245000.0,28.87149,-90.11166,0.0,194.6,30.0,Stopped
2024-01-01 11:30:00,355245000.0,28.8715,-90.11166,0.0,194.6,30.0,Stopped
2024-01-01 11:35:00,355245000.0,28.8715,-90.11169,0.0,194.6,30.0,Stopped
2024-01-01 11:40:00,355245000.0,28.87148,-90.11161,0.0,194.6,30.0,Stopped
2024-01-01 11:45:00,355245000.0,28.87149,-90.11162,0.0,194.6,30.0,Stopped
2024-01-01 11:50:00,355245000.0,28.87146,-90.11158,0.0,194.6,30.0,Stopped
2024-01-01 11:55:00,355245000.0,28.87146,-90.11156,0.0,194.6,30.0,Stopped
2024-01-01 12:00:00,355245000.0,28.87147,-90.11163,0.0,194.6,30.0,Stopped
2024-01-01 12:05:00,355245000.0,28.8715,-90.11168,0.0,194.6,30.0,Stopped
2024-01-01 12:10:00,355245000.0,28.87151,-90.11171,0.0,194.6,30.0,Stopped
2024-01-01 12:15:00,355245000.0,28.87155,-90.11175,0.0,194.6,30.0,Stopped
2024-01-01 12:20:00,355245000.0,28.8715,-90.1117,0.0,194.6,30.0,Stopped
2024-01-01 12:25:00,355245000.0,28.8715,-90.11173,0.0,194.6,30.0,Stopped
2024-01-01 12:30:00,355245000.0,28.87152,-90.11173,0.0,194.6,30.0,Stopped
2024-01-01 12:35:00,355245000.0,28.87151,-90.11172,0.0,194.6,30.0,Stopped
2024-01-01 12:45:00,355245000.0,28.87151,-90.11173,0.0,194.6,30.0,Stopped
2024-01-01 12:50:00,355245000.0,28.8715,-90.11176,0.0,194.6,30.0,Stopped
2024-01-01 12:55:00,355245000.0,28.87152,-90.11181,0.0,194.6,30.0,Stopped
2024-01-01 13:00:00,355245000.0,28.87154,-90.11186,0.0,194.6,30.0,Stopped
2024-01-01 13:05:00,355245000.0,28.87157,-90.11187,0.0,194.6,30.0,Stopped
2024-01-01 13:10:00,355245000.0,28.87154,-90.11184,0.0,194.6,30.0,Stopped
2024-01-01 13:15:00,355245000.0,28.87157,-90.11181,0.0,194.6,30.0,Stopped
2024-01-01 13:25:00,355245000.0,28.87157,-90.11177,0.0,194.6,30.0,Stopped
2024-01-01 13:30:00,355245000.0,28.87156,-90.11172,0.0,194.6,30.0,Stopped
2024-01-01 13:35:00,355245000.0,28.87149,-90.1117,0.0,194.6,30.0,Stopped
2024-01-01 13:45:00,355245000.0,28.8716,-90.11179,0.0,194.6,30.0,Stopped
2024-01-01 13:50:00,355245000.0,28.87159,-90.11183,0.0,194.6,30.0,Stopped
2024-01-01 13:55:00,355245000.0,28.87155,-90.11192,0.0,194.6,30.0,Stopped
2024-01-01 14:00:00,355245000.0,28.87157,-90.11193,0.0,194.6,30.0,Stopped
2024-01-01 14:05:00,355245000.0,28.87158,-90.11196,0.0,194.6,30.0,Stopped
2024-01-01 14:10:00,355245000.0,28.87156,-90.11195,0.0,194.6,30.0,Stopped
2024-01-01 14:15:00,355245000.0,28.8716,-90.11196,0.0,194.6,30.0,Stopped
2024-01-01 14:20:00,355245000.0,28.87158,-90.11194,0.0,194.6,30.0,Stopped
2024-01-01 14:30:00,355245000.0,28.87155,-90.11183,0.0,194.6,30.0,Stopped
2024-01-01 14:40:00,355245000.0,28.87156,-90.11178,0.0,194.6,30.0,Stopped
2024-01-01 14:55:00,355245000.0,28.87156,-90.11182,0.0,194.6,30.0,Stopped
2024-01-01 15:00:00,355245000.0,28.87155,-90.1118,0.0,194.6,30.0,Stopped
2024-01-01 15:05:00,355245000.0,28.87156,-90.11181,0.0,194.6,30.0,Stopped
2024-01-01 15:15:00,355245000.0,28.87152,-90.11171,0.0,194.6,30.0,Stopped
2024-01-01 15:25:00,355245000.0,28.87153,-90.11174,0.0,194.6,30.0,Stopped
2024-01-01 15:35:00,355245000.0,28.87149,-90.11179,0.0,194.6,30.0,Stopped
2024-01-01 15:40:00,355245000.0,28.8713,-90.112,0.1,194.6,30.0,Stopped
2024-01-01 15:45:00,355245000.0,28.87094,-90.11213,0.2,182.7,30.0,Stopped
2024-01-01 15:50:00,355245000.0,28.87078,-90.11209,0.1,169.0,30.0,Stopped
2024-01-01 15:55:00,355245000.0,28.87068,-90.11178,0.1,169.0,30.0,Stopped
2024-01-01 16:00:00,355245000.0,28.87014,-90.11172,0.3,192.6,30.0,Stopped
2024-01-01 16:05:00,355245000.0,28.86965,-90.11203,0.2,244.2,30.0,Stopped
2024-01-01 16:10:00,355245000.0,28.86973,-90.1123,0.1,255.7,30.0,Stopped
2024-01-01 16:15:00,355245000.0,28.86971,-90.1124,0.1,255.7,30.0,Stopped
2024-01-01 16:20:00,355245000.0,28.86967,-90.11248,0.0,255.7,30.0,Stopped
2024-01-01 16:30:00,355245000.0,28.86978,-90.11265,0.0,255.7,30.0,Stopped
2024-01-01 16:35:00,355245000.0,28.86979,-90.11263,0.0,255.7,30.0,Stopped
2024-01-01 16:40:00,355245000.0,28.86974,-90.11258,0.0,255.7,30.0,Stopped
2024-01-01 16:45:00,355245000.0,28.86978,-90.11261,0.0,255.7,30.0,Stopped
2024-01-01 16:50:00,355245000.0,28.86976,-90.1126,0.0,255.7,30.0,Stopped
2024-01-01 16:55:00,355245000.0,28.86977,-90.11261,0.0,255.7,30.0,Stopped
2024-01-01 17:00:00,355245000.0,28.86978,-90.11258,0.0,255.7,30.0,Stopped
2024-01-01 17:10:00,355245000.0,28.86971,-90.11248,0.0,255.7,30.0,Stopped
2024-01-01 17:20:00,355245000.0,28.86923,-90.11243,0.5,173.7,30.0,Stopped
2024-01-01 17:25:00,355245000.0,28.86864,-90.11262,0.2,294.1,30.0,Stopped
2024-01-01 17:35:00,355245000.0,28.86858,-90.11311,0.1,269.0,30.0,Stopped
2024-01-01 17:40:00,355245000.0,28.86855,-90.11309,0.0,269.0,30.0,Stopped
2024-01-01 17:45:00,355245000.0,28.86856,-90.1131,0.0,269.0,30.0,Stopped
2024-01-01 17:55:00,355245000.0,28.86855,-90.11322,0.0,269.0,30.0,Stopped
2024-01-01 18:05:00,355245000.0,28.86861,-90.11348,0.0,269.0,30.0,Stopped
2024-01-01 18:10:00,355245000.0,28.86859,-90.11348,0.0,269.0,30.0,Stopped
2024-01-01 18:15:00,355245000.0,28.8686,-90.11351,0.0,269.0,30.0,Stopped
2024-01-01 18:25:00,355245000.0,28.86864,-90.11348,0.0,269.0,30.0,Stopped
2024-01-01 18:30:00,355245000.0,28.86856,-90.11339,0.2,109.5,30.0,Stopped
2024-01-01 18:40:00,355245000.0,28.86858,-90.11294,0.0,82.4,30.0,Stopped
2024-01-01 18:55:00,355245000.0,28.86857,-90.11311,0.0,82.4,30.0,Stopped
2024-01-01 19:00:00,355245000.0,28.86858,-90.11307,0.0,82.4,30.0,Stopped
2024-01-01 19:10:00,355245000.0,28.86858,-90.11309,0.0,82.4,30.0,Stopped
2024-01-01 19:15:00,355245000.0,28.86857,-90.11306,0.0,82.4,30.0,Stopped
2024-01-01 19:20:00,355245000.0,28.86859,-90.11303,0.0,82.4,30.0,Stopped
2024-01-01 19:25:00,355245000.0,28.86861,-90.11303,0.0,82.4,30.0,Stopped
2024-01-01 19:35:00,355245000.0,28.86857,-90.11308,0.0,82.4,30.0,Stopped
2024-01-01 19:40:00,355245000.0,28.86858,-90.1131,0.0,82.4,30.0,Stopped
2024-01-01 19:45:00,355245000.0,28.86856,-90.11314,0.0,82.4,30.0,Stopped
2024-01-01 19:50:00,355245000.0,28.86855,-90.11319,0.0,82.4,30.0,Stopped
2024-01-01 19:55:00,355245000.0,28.86856,-90.11325,0.0,82.4,30.0,Stopped
2024-01-01 20:00:00,355245000.0,28.86859,-90.11343,0.0,82.4,30.0,Stopped
2024-01-01 20:05:00,355245000.0,28.86861,-90.11351,0.1,82.4,30.0,Stopped
2024-01-01 20:10:00,355245000.0,28.86865,-90.11369,0.0,82.4,30.0,Stopped
2024-01-01 20:15:00,355245000.0,28.86868,-90.11367,0.0,82.4,30.0,Stopped
2024-01-01 20:20:00,355245000.0,28.86867,-90.11362,0.0,82.4,30.0,Stopped
2024-01-01 20:25:00,355245000.0,28.8686,-90.11343,0.0,82.4,30.0,Stopped
2024-01-01 20:35:00,355245000.0,28.86856,-90.11323,0.0,82.4,30.0,Stopped
2024-01-01 20:40:00,355245000.0,28.86859,-90.11319,0.0,82.4,30.0,Stopped
2024-01-01 20:45:00,355245000.0,28.86855,-90.11312,0.0,82.4,30.0,Stopped
2024-01-01 20:50:00,355245000.0,28.86852,-90.11305,0.0,82.4,30.0,Stopped
2024-01-01 20:55:00,355245000.0,28.86858,-90.11303,0.0,82.4,30.0,Stopped
2024-01-01 21:05:00,355245000.0,28.86856,-90.11301,0.0,82.4,30.0,Stopped
2024-01-01 21:15:00,355245000.0,28.86856,-90.11302,0.0,82.4,30.0,Stopped
2024-01-01 21:25:00,355245000.0,28.86855,-90.113,0.0,82.4,30.0,Stopped
2024-01-01 21:30:00,355245000.0,28.86858,-90.11302,0.0,82.4,30.0,Stopped
2024-01-01 21:35:00,355245000.0,28.8686,-90.11303,0.0,82.4,30.0,Stopped
2024-01-01 21:40:00,355245000.0,28.86853,-90.1132,0.0,82.4,30.0,Stopped
2024-01-01 21:45:00,355245000.0,28.86851,-90.11315,0.1,82.4,30.0,Stopped
2024-01-01 21:50:00,355245000.0,28.8686,-90.11287,0.1,82.4,30.0,Stopped
2024-01-01 21:55:00,355245000.0,28.86861,-90.11285,0.0,82.4,30.0,Stopped
2024-01-01 22:00:00,355245000.0,28.86859,-90.11299,0.0,82.4,30.0,Stopped
2024-01-01 22:05:00,355245000.0,28.86855,-90.11316,0.0,82.4,30.0,Stopped
2024-01-01 22:10:00,355245000.0,28.86857,-90.11321,0.0,82.4,30.0,Stopped
2024-01-01 22:20:00,355245000.0,28.86854,-90.1133,0.0,82.4,30.0,Stopped
2024-01-01 22:25:00,355245000.0,28.86859,-90.11335,0.0,82.4,30.0,Stopped
2024-01-01 22:35:00,355245000.0,28.86858,-90.11332,0.0,82.4,30.0,Stopped
2024-01-01 22:45:00,355245000.0,28.86856,-90.11317,0.0,82.4,30.0,Stopped
2024-01-01 22:50:00,355245000.0,28.86857,-90.11314,0.0,82.4,30.0,Stopped
2024-01-01 22:55:00,355245000.0,28.86856,-90.11305,0.0,82.4,30.0,Stopped
2024-01-01 23:00:00,355245000.0,28.86858,-90.11304,0.0,82.4,30.0,Stopped
2024-01-01 23:10:00,355245000.0,28.86855,-90.11298,0.0,82.4,30.0,Stopped
2024-01-01 23:20:00,355245000.0,28.86855,-90.11305,0.0,82.4,30.0,Stopped
2024-01-01 23:25:00,355245000.0,28.86858,-90.11305,0.0,82.4,30.0,Stopped
2024-01-01 23:30:00,355245000.0,28.86856,-90.11309,0.0,82.4,30.0,Stopped
2024-01-01 23:35:00,355245000.0,28.86855,-90.11314,0.0,82.4,30.0,Stopped
2024-01-01 23:40:00,355245000.0,28.86856,-90.1133,0.0,82.4,30.0,Stopped
2024-01-01 23:45:00,355245000.0,28.86855,-90.11336,0.0,82.4,30.0,Stopped
2024-01-01 23:55:00,355245000.0,28.86866,-90.11362,0.1,82.4,30.0,Stopped
2024-01-01 00:00:00,366957490.0,29.28527,-89.36004,0.0,201.7,60.0,Stopped
2024-01-01 00:05:00,366957490.0,29.28524,-89.36,2.6,121.6,60.0,Slow
2024-01-01 00:10:00,366957490.0,29.28528,-89.36012,0.1,186.4,60.0,Stopped
2024-01-01 00:25:00,366957490.0,29.28529,-89.36014,0.0,186.4,60.0,Stopped
2024-01-01 00:35:00,366957490.0,29.28529,-89.36007,0.0,186.4,60.0,Stopped
2024-01-01 00:50:00,366957490.0,29.28634,-89.35714,6.9,115.4,60.0,Slow
2024-01-01 00:55:00,366957490.0,29.28528,-89.36007,0.0,214.5,60.0,Stopped
2024-01-01 01:10:00,366957490.0,29.28524,-89.36009,0.0,214.5,60.0,Stopped
2024-01-01 01:30:00,366957490.0,29.28533,-89.3601,0.0,214.5,60.0,Stopped
2024-01-01 01:40:00,366957490.0,29.2853,-89.36012,0.0,214.5,60.0,Stopped
2024-01-01 01:45:00,366957490.0,29.2853,-89.3601,0.0,214.5,60.0,Stopped
2024-01-01 02:00:00,366957490.0,29.27277,-89.34804,20.6,146.1,60.0,Fast
2024-01-01 02:05:00,366957490.0,29.25122,-89.3222,20.4,131.2,60.0,Fast
2024-01-01 02:10:00,366957490.0,29.22739,-89.29842,20.7,143.2,60.0,Fast
2024-01-01 02:15:00,366957490.0,29.20647,-89.28197,20.8,150.4,60.0,Fast
2024-01-01 02:20:00,366957490.0,29.18402,-89.26835,5.7,152.7,60.0,Slow
2024-01-01 02:25:00,366957490.0,29.1788,-89.26565,1.4,157.1,60.0,Stopped
2024-01-01 02:30:00,366957490.0,29.17759,-89.25972,10.7,338.7,60.0,Cruising
2024-01-01 02:35:00,366957490.0,29.19288,-89.26651,24.4,337.1,60.0,Fast
2024-01-01 02:40:00,366957490.0,29.22306,-89.28667,24.1,327.8,60.0,Fast
2024-01-01 02:45:00,366957490.0,29.24922,-89.31225,24.2,313.6,60.0,Fast
2024-01-01 02:50:00,366957490.0,29.27061,-89.34329,24.3,304.7,60.0,Fast
2024-01-01 02:55:00,366957490.0,29.28526,-89.35991,2.8,11.3,60.0,Slow
2024-01-01 03:05:00,366957490.0,29.28525,-89.36014,0.0,221.3,60.0,Stopped
2024-01-01 03:10:00,366957490.0,29.28526,-89.36015,0.0,221.3,60.0,Stopped
2024-01-01 03:15:00,366957490.0,29.28525,-89.36015,0.0,221.3,60.0,Stopped
2024-01-01 03:25:00,366957490.0,29.28688,-89.36008,20.4,180.6,60.0,Fast
2024-01-01 03:35:00,366957490.0,29.28525,-89.3601,0.0,229.9,60.0,Stopped
2024-01-01 03:45:00,366957490.0,29.28527,-89.36013,0.0,229.9,60.0,Stopped
2024-01-01 03:50:00,366957490.0,29.28532,-89.36012,0.0,229.9,60.0,Stopped
2024-01-01 04:00:00,366957490.0,29.29159,-89.36144,8.2,157.4,60.0,Slow
2024-01-01 04:05:00,366957490.0,29.28534,-89.36014,0.0,196.8,60.0,Stopped
2024-01-01 04:10:00,366957490.0,29.28532,-89.36011,0.0,196.8,60.0,Stopped
2024-01-01 04:15:00,366957490.0,29.28538,-89.36014,0.0,196.8,60.0,Stopped
2024-01-01 04:20:00,366957490.0,29.28531,-89.36012,0.0,196.8,60.0,Stopped
2024-01-01 04:40:00,366957490.0,29.28527,-89.36007,0.1,196.8,60.0,Stopped
2024-01-01 04:45:00,366957490.0,29.28568,-89.35999,7.6,339.9,60.0,Slow
2024-01-01 04:55:00,366957490.0,29.28532,-89.3601,0.0,194.3,60.0,Stopped
2024-01-01 05:00:00,366957490.0,29.29311,-89.36143,23.6,146.6,60.0,Fast
2024-01-01 05:05:00,366957490.0,29.28528,-89.36009,0.0,170.7,60.0,Stopped
2024-01-01 05:10:00,366957490.0,29.28891,-89.35911,6.2,121.0,60.0,Slow
2024-01-01 05:15:00,366957490.0,29.28529,-89.36012,0.0,212.5,60.0,Stopped
2024-01-01 05:25:00,366957490.0,29.28531,-89.36008,0.1,212.5,60.0,Stopped
2024-01-01 05:30:00,366957490.0,29.28528,-89.36008,0.0,212.5,60.0,Stopped
2024-01-01 05:35:00,366957490.0,29.28522,-89.36,0.0,212.5,60.0,Stopped
2024-01-01 05:40:00,366957490.0,29.30283,-89.36972,24.4,333.0,60.0,Fast
2024-01-01 05:45:00,366957490.0,29.29691,-89.36741,20.5,152.0,60.0,Fast
2024-01-01 05:50:00,366957490.0,29.28526,-89.36006,0.2,260.4,60.0,Stopped
2024-01-01 05:55:00,366957490.0,29.28527,-89.36006,0.0,249.7,60.0,Stopped
2024-01-01 06:05:00,366957490.0,29.28531,-89.36005,0.1,249.7,60.0,Stopped
2024-01-01 06:10:00,366957490.0,29.28529,-89.36008,0.0,233.8,60.0,Stopped
2024-01-01 06:15:00,366957490.0,29.28529,-89.36009,0.0,233.8,60.0,Stopped
2024-01-01 06:20:00,366957490.0,29.28529,-89.3601,0.0,233.8,60.0,Stopped
2024-01-01 06:25:00,366957490.0,29.28531,-89.36011,0.0,233.8,60.0,Stopped
2024-01-01 06:35:00,366957490.0,29.28527,-89.36009,0.0,233.8,60.0,Stopped
2024-01-01 06:40:00,366957490.0,29.28731,-89.36063,23.4,339.6,60.0,Fast
2024-01-01 06:45:00,366957490.0,29.28525,-89.36009,0.0,187.3,60.0,Stopped
2024-01-01 06:50:00,366957490.0,29.28527,-89.3601,0.0,187.3,60.0,Stopped
2024-01-01 06:55:00,366957490.0,29.27817,-89.34675,20.5,133.1,60.0,Fast
2024-01-01 07:00:00,366957490.0,29.26269,-89.32774,20.4,133.2,60.0,Fast
2024-01-01 07:05:00,366957490.0,29.23943,-89.30655,20.4,164.5,60.0,Fast
2024-01-01 07:10:00,366957490.0,29.2133,-89.2867,20.5,144.6,60.0,Fast
2024-01-01 07:15:00,366957490.0,29.19148,-89.27181,20.7,151.0,60.0,Fast
2024-01-01 07:20:00,366957490.0,29.1805,-89.266,3.1,161.3,60.0,Slow
2024-01-01 07:25:00,366957490.0,29.18816,-89.26466,13.5,330.8,60.0,Cruising
2024-01-01 07:30:00,366957490.0,29.21501,-89.28104,24.3,328.6,60.0,Fast
2024-01-01 07:35:00,366957490.0,29.24301,-89.30451,24.3,315.5,60.0,Fast
2024-01-01 07:40:00,366957490.0,29.26691,-89.33359,24.3,310.0,60.0,Fast
2024-01-01 07:45:00,366957490.0,29.28525,-89.35997,1.8,121.8,60.0,Stopped
2024-01-01 07:50:00,366957490.0,29.28522,-89.35989,0.1,277.2,60.0,Stopped
2024-01-01 07:55:00,366957490.0,29.2711,-89.33767,10.5,131.6,60.0,Cruising
2024-01-01 08:00:00,366957490.0,29.25156,-89.3136,20.5,131.8,60.0,Fast
2024-01-01 08:05:00,366957490.0,29.2325,-89.29466,20.5,146.3,60.0,Fast
2024-01-01 08:10:00,366957490.0,29.20613,-89.27593,20.2,158.9,60.0,Fast
2024-01-01 08:15:00,366957490.0,29.18439,-89.26775,7.0,155.0,60.0,Slow
2024-01-01 08:20:00,366957490.0,29.17877,-89.26522,1.2,155.5,60.0,Stopped
2024-01-01 08:25:00,366957490.0,29.17811,-89.26093,9.6,340.8,60.0,Slow
2024-01-01 08:30:00,366957490.0,29.20017,-89.27123,24.1,329.2,60.0,Fast
2024-01-01 08:35:00,366957490.0,29.22957,-89.2921,24.1,324.8,60.0,Fast
2024-01-01 08:40:00,366957490.0,29.25502,-89.31864,24.1,312.8,60.0,Fast
2024-01-01 08:45:00,366957490.0,29.2774,-89.34861,24.3,305.7,60.0,Fast
2024-01-01 08:50:00,366957490.0,29.28523,-89.36007,0.0,267.5,60.0,Stopped
2024-01-01 08:55:00,366957490.0,29.28528,-89.36011,0.0,267.5,60.0,Stopped
2024-01-01 09:00:00,366957490.0,29.28526,-89.36007,0.0,267.5,60.0,Stopped
2024-01-01 09:05:00,366957490.0,29.28527,-89.36011,0.0,267.5,60.0,Stopped
2024-01-01 09:15:00,366957490.0,29.28527,-89.36014,0.0,267.5,60.0,Stopped
2024-01-01 09:20:00,366957490.0,29.28527,-89.36012,0.0,267.5,60.0,Stopped
2024-01-01 09:25:00,366957490.0,29.2878,-89.35924,11.6,147.0,60.0,Cruising
2024-01-01 09:30:00,366957490.0,29.28527,-89.36008,0.0,191.4,60.0,Stopped
2024-01-01 09:35:00,366957490.0,29.27812,-89.34631,20.8,129.3,60.0,Fast
2024-01-01 09:40:00,366957490.0,29.26164,-89.32453,20.3,133.2,60.0,Fast
2024-01-01 09:45:00,366957490.0,29.23931,-89.30011,20.7,137.9,60.0,Fast
2024-01-01 09:50:00,366957490.0,29.21815,-89.28341,20.4,148.3,60.0,Fast
2024-01-01 09:55:00,366957490.0,29.18977,-89.26973,20.6,154.3,60.0,Fast
2024-01-01 10:00:00,366957490.0,29.17874,-89.26542,7.2,162.2,60.0,Slow
2024-01-01 10:05:00,366957490.0,29.17921,-89.26119,11.7,339.6,60.0,Cruising
2024-01-01 10:10:00,366957490.0,29.20013,-89.2712,24.0,329.2,60.0,Fast
2024-01-01 10:15:00,366957490.0,29.22362,-89.28759,23.9,327.9,60.0,Fast
2024-01-01 10:20:00,366957490.0,29.24992,-89.31211,23.7,312.5,60.0,Fast
2024-01-01 10:25:00,366957490.0,29.27109,-89.33852,10.4,308.6,60.0,Cruising
2024-01-01 10:30:00,366957490.0,29.28539,-89.3602,0.0,181.5,60.0,Stopped
2024-01-01 10:35:00,366957490.0,29.28543,-89.36024,0.0,181.5,60.0,Stopped
2024-01-01 10:40:00,366957490.0,29.28547,-89.36028,0.0,181.5,60.0,Stopped
2024-01-01 10:45:00,366957490.0,29.28545,-89.36028,0.0,181.5,60.0,Stopped
2024-01-01 10:50:00,366957490.0,29.28542,-89.36028,0.1,181.5,60.0,Stopped
2024-01-01 11:05:00,366957490.0,29.28545,-89.36029,0.0,181.5,60.0,Stopped
2024-01-01 11:15:00,366957490.0,29.28545,-89.36024,0.0,181.5,60.0,Stopped
2024-01-01 11:20:00,366957490.0,29.28546,-89.36021,0.0,181.5,60.0,Stopped
2024-01-01 11:30:00,366957490.0,29.28541,-89.36023,0.0,181.5,60.0,Stopped
2024-01-01 11:40:00,366957490.0,29.28544,-89.36022,0.0,353.7,60.0,Stopped
2024-01-01 11:45:00,366957490.0,29.28544,-89.36024,0.0,353.7,60.0,Stopped
2024-01-01 11:55:00,366957490.0,29.28543,-89.36021,0.0,353.7,60.0,Stopped
2024-01-01 12:00:00,366957490.0,29.28543,-89.36022,0.0,353.7,60.0,Stopped
2024-01-01 12:20:00,366957490.0,29.28542,-89.36025,0.0,353.7,60.0,Stopped
2024-01-01 12:40:00,366957490.0,29.28542,-89.3602,0.0,206.2,60.0,Stopped
2024-01-01 13:05:00,366957490.0,29.28543,-89.36023,0.0,206.2,60.0,Stopped
2024-01-01 13:20:00,366957490.0,29.28545,-89.36021,0.0,206.2,60.0,Stopped
2024-01-01 13:30:00,366957490.0,29.28547,-89.36024,0.0,206.2,60.0,Stopped
2024-01-01 13:45:00,366957490.0,29.28548,-89.36021,0.0,206.2,60.0,Stopped
2024-01-01 13:55:00,366957490.0,29.28546,-89.36022,0.0,206.2,60.0,Stopped
2024-01-01 14:00:00,366957490.0,29.28545,-89.36023,0.0,206.2,60.0,Stopped
2024-01-01 14:10:00,366957490.0,29.28547,-89.3603,0.0,206.2,60.0,Stopped
2024-01-01 14:15:00,366957490.0,29.28543,-89.36025,0.0,206.2,60.0,Stopped
2024-01-01 14:20:00,366957490.0,29.28544,-89.36025,0.0,206.2,60.0,Stopped
2024-01-01 14:25:00,366957490.0,29.28546,-89.36025,0.0,206.2,60.0,Stopped
2024-01-01 14:30:00,366957490.0,29.28543,-89.36026,0.0,206.2,60.0,Stopped
2024-01-01 14:35:00,366957490.0,29.27646,-89.35235,20.8,144.8,60.0,Fast
2024-01-01 14:40:00,366957490.0,29.26083,-89.33493,20.7,130.4,60.0,Fast
2024-01-01 14:45:00,366957490.0,29.23915,-89.30884,20.7,140.5,60.0,Fast
2024-01-01 14:50:00,366957490.0,29.22103,-89.29357,20.6,144.2,60.0,Fast
2024-01-01 14:55:00,366957490.0,29.19547,-89.27301,20.5,150.9,60.0,Fast
2024-01-01 15:00:00,366957490.0,29.18221,-89.26584,7.9,170.0,60.0,Slow
2024-01-01 15:05:00,366957490.0,29.17354,-89.26181,8.3,151.6,60.0,Slow
2024-01-01 15:10:00,366957490.0,29.1628,-89.25752,8.9,162.8,60.0,Slow
2024-01-01 15:15:00,366957490.0,29.1718,-89.25816,9.4,339.4,60.0,Slow
2024-01-01 15:20:00,366957490.0,29.18984,-89.26575,23.0,339.6,60.0,Fast
2024-01-01 15:25:00,366957490.0,29.21932,-89.28409,23.2,327.4,60.0,Fast
2024-01-01 15:30:00,366957490.0,29.24228,-89.31097,23.2,311.6,60.0,Fast
2024-01-01 15:35:00,366957490.0,29.26257,-89.33753,23.4,311.0,60.0,Fast
2024-01-01 15:40:00,366957490.0,29.28523,-89.35999,1.1,121.0,60.0,Stopped
2024-01-01 15:50:00,366957490.0,29.28536,-89.36013,0.1,210.4,60.0,Stopped
2024-01-01 16:00:00,366957490.0,29.28541,-89.3601,0.0,210.4,60.0,Stopped
2024-01-01 16:20:00,366957490.0,29.28538,-89.36009,0.1,210.4,60.0,Stopped
2024-01-01 16:30:00,366957490.0,29.28539,-89.36009,0.0,210.4,60.0,Stopped
2024-01-01 17:05:00,366957490.0,29.28536,-89.36009,0.0,210.4,60.0,Stopped
2024-01-01 17:10:00,366957490.0,29.28535,-89.36011,0.1,210.4,60.0,Stopped
2024-01-01 17:15:00,366957490.0,29.28533,-89.36008,0.0,210.4,60.0,Stopped
2024-01-01 17:25:00,366957490.0,29.28541,-89.36012,0.0,210.4,60.0,Stopped
2024-01-01 17:40:00,366957490.0,29.28535,-89.3601,0.0,210.4,60.0,Stopped
2024-01-01 18:05:00,366957490.0,29.28534,-89.36011,0.0,210.4,60.0,Stopped
2024-01-01 18:10:00,366957490.0,29.28535,-89.36009,0.0,210.4,60.0,Stopped
2024-01-01 18:20:00,366957490.0,29.28536,-89.36012,0.0,210.4,60.0,Stopped
2024-01-01 18:30:00,366957490.0,29.28538,-89.36013,0.0,210.4,60.0,Stopped
2024-01-01 18:55:00,366957490.0,29.28545,-89.36006,0.0,210.4,60.0,Stopped
2024-01-01 19:10:00,366957490.0,29.28543,-89.36009,0.0,210.4,60.0,Stopped
2024-01-01 19:15:00,366957490.0,29.28543,-89.36007,0.0,210.4,60.0,Stopped
2024-01-01 19:20:00,366957490.0,29.2854,-89.36011,0.1,210.4,60.0,Stopped
2024-01-01 19:25:00,366957490.0,29.28539,-89.36011,0.0,210.4,60.0,Stopped
2024-01-01 19:50:00,366957490.0,29.28542,-89.36011,0.0,210.4,60.0,Stopped
2024-01-01 19:55:00,366957490.0,29.28537,-89.36015,0.0,210.4,60.0,Stopped
2024-01-01 20:00:00,366957490.0,29.28539,-89.36015,0.0,210.4,60.0,Stopped
2024-01-01 20:05:00,366957490.0,29.28537,-89.36013,0.0,210.4,60.0,Stopped
2024-01-01 20:40:00,366957490.0,29.28536,-89.36014,0.0,210.4,60.0,Stopped
2024-01-01 20:45:00,366957490.0,29.28539,-89.3601,0.0,210.4,60.0,Stopped
2024-01-01 20:50:00,366957490.0,29.28541,-89.36007,0.0,210.4,60.0,Stopped
2024-01-01 21:05:00,366957490.0,29.28537,-89.36012,0.0,210.4,60.0,Stopped
2024-01-01 21:15:00,366957490.0,29.28544,-89.36012,0.0,210.4,60.0,Stopped
2024-01-01 21:20:00,366957490.0,29.28545,-89.36011,0.0,210.4,60.0,Stopped
2024-01-01 21:25:00,366957490.0,29.28537,-89.36014,0.0,210.4,60.0,Stopped
2024-01-01 21:30:00,366957490.0,29.28537,-89.36011,0.0,210.4,60.0,Stopped
2024-01-01 21:35:00,366957490.0,29.28536,-89.36011,0.1,210.4,60.0,Stopped
2024-01-01 21:40:00,366957490.0,29.28535,-89.36012,0.0,210.4,60.0,Stopped
2024-01-01 21:45:00,366957490.0,29.28541,-89.36009,0.0,210.4,60.0,Stopped
2024-01-01 21:50:00,366957490.0,29.28539,-89.36012,0.0,210.4,60.0,Stopped
2024-01-01 22:00:00,366957490.0,29.28537,-89.36008,0.0,210.4,60.0,Stopped
2024-01-01 22:05:00,366957490.0,29.28543,-89.36012,0.0,210.4,60.0,Stopped
2024-01-01 22:10:00,366957490.0,29.2854,-89.36012,0.0,210.4,60.0,Stopped
2024-01-01 22:15:00,366957490.0,29.28539,-89.36013,0.0,210.4,60.0,Stopped
2024-01-01 22:20:00,366957490.0,29.28542,-89.3601,0.0,210.4,60.0,Stopped
2024-01-01 22:25:00,366957490.0,29.28541,-89.36011,0.0,292.9,60.0,Stopped
2024-01-01 22:30:00,366957490.0,29.28537,-89.36007,0.0,292.9,60.0,Stopped
2024-01-01 22:35:00,366957490.0,29.28538,-89.36011,0.0,292.9,60.0,Stopped
2024-01-01 22:40:00,366957490.0,29.2854,-89.3601,0.1,292.9,60.0,Stopped
2024-01-01 22:50:00,366957490.0,29.28538,-89.36012,0.0,292.9,60.0,Stopped
2024-01-01 22:55:00,366957490.0,29.28537,-89.3601,0.0,292.9,60.0,Stopped
2024-01-01 23:05:00,366957490.0,29.28546,-89.36023,0.0,218.8,60.0,Stopped
2024-01-01 23:10:00,366957490.0,29.28545,-89.36025,0.0,218.8,60.0,Stopped
2024-01-01 23:25:00,366957490.0,29.28545,-89.36026,0.0,306.1,60.0,Stopped
2024-01-01 23:30:00,366957490.0,29.28544,-89.36027,0.0,306.1,60.0,Stopped
2024-01-01 23:35:00,366957490.0,29.28546,-89.36026,0.0,306.1,60.0,Stopped
2024-01-01 23:40:00,366957490.0,29.28544,-89.36026,0.0,306.1,60.0,Stopped
2024-01-01 23:45:00,366957490.0,29.28432,-89.35881,16.9,141.4,60.0,Cruising
2024-01-01 23:50:00,366957490.0,29.26159,-89.33558,20.2,133.4,60.0,Fast
2024-01-01 23:55:00,366957490.0,29.24547,-89.31435,20.2,132.5,60.0,Fast
2024-01-01 00:00:00,366972280.0,29.73769,-95.15658,0.0,39.1,31.0,Stopped
2024-01-01 00:20:00,366972280.0,29.73778,-95.15664,0.5,0.0,31.0,Stopped
2024-01-01 00:25:00,366972280.0,29.7373,-95.15603,0.0,300.7,31.0,Stopped
2024-01-01 00:30:00,366972280.0,29.73765,-95.15627,3.2,308.7,31.0,Slow
2024-01-01 00:35:00,366972280.0,29.73763,-95.15448,6.2,119.9,31.0,Slow
2024-01-01 00:40:00,366972280.0,29.73544,-95.1431,6.7,96.3,31.0,Slow
2024-01-01 00:45:00,366972280.0,29.73458,-95.13329,6.6,99.9,31.0,Slow
2024-01-01 00:50:00,366972280.0,29.73544,-95.12349,6.8,70.4,31.0,Slow
2024-01-01 00:55:00,366972280.0,29.74,-95.11239,6.4,66.6,31.0,Slow
2024-01-01 01:00:00,366972280.0,29.74372,-95.10477,6.5,49.2,31.0,Slow
2024-01-01 01:05:00,366972280.0,29.75188,-95.09681,6.8,39.1,31.0,Slow
2024-01-01 01:10:00,366972280.0,29.75694,-95.09619,5.0,304.4,31.0,Slow
2024-01-01 01:15:00,366972280.0,29.75962,-95.10321,5.3,297.1,31.0,Slow
2024-01-01 01:20:00,366972280.0,29.76294,-95.10984,2.3,297.5,31.0,Slow
2024-01-01 01:25:00,366972280.0,29.76365,-95.11127,0.3,263.5,31.0,Stopped
2024-01-01 01:55:00,366972280.0,29.76363,-95.11136,0.0,239.6,31.0,Stopped
2024-01-01 02:00:00,366972280.0,29.7636,-95.1114,0.1,242.0,31.0,Stopped
2024-01-01 02:10:00,366972280.0,29.76359,-95.11129,0.0,245.8,31.0,Stopped
2024-01-01 02:15:00,366972280.0,29.76363,-95.11131,0.0,237.9,31.0,Stopped
2024-01-01 02:20:00,366972280.0,29.76367,-95.11129,0.0,254.2,31.0,Stopped
2024-01-01 02:30:00,366972280.0,29.76368,-95.11129,0.0,268.7,31.0,Stopped
2024-01-01 02:40:00,366972280.0,29.76368,-95.11133,0.0,289.2,31.0,Stopped
2024-01-01 02:45:00,366972280.0,29.76366,-95.11134,0.0,282.3,31.0,Stopped
2024-01-01 02:50:00,366972280.0,29.76356,-95.11141,0.0,259.2,31.0,Stopped
2024-01-01 02:55:00,366972280.0,29.76365,-95.11129,0.0,272.0,31.0,Stopped
2024-01-01 03:10:00,366972280.0,29.76359,-95.11128,0.0,252.2,31.0,Stopped
2024-01-01 03:15:00,366972280.0,29.76365,-95.11128,0.0,263.9,31.0,Stopped
2024-01-01 03:20:00,366972280.0,29.76362,-95.11137,0.0,269.4,31.0,Stopped
2024-01-01 03:25:00,366972280.0,29.76363,-95.11133,0.0,273.8,31.0,Stopped
2024-01-01 03:40:00,366972280.0,29.76363,-95.11129,0.0,269.5,31.0,Stopped
2024-01-01 03:45:00,366972280.0,29.76363,-95.11132,0.0,272.8,31.0,Stopped
2024-01-01 03:50:00,366972280.0,29.76365,-95.1113,0.0,283.5,31.0,Stopped
2024-01-01 03:55:00,366972280.0,29.76364,-95.11132,0.0,299.7,31.0,Stopped
2024-01-01 04:00:00,366972280.0,29.76366,-95.11131,0.0,302.7,31.0,Stopped
2024-01-01 04:05:00,366972280.0,29.76367,-95.1113,0.0,316.8,31.0,Stopped
2024-01-01 04:10:00,366972280.0,29.76366,-95.11132,0.0,286.5,31.0,Stopped
2024-01-01 04:15:00,366972280.0,29.76362,-95.11131,0.0,250.9,31.0,Stopped
2024-01-01 04:25:00,366972280.0,29.76364,-95.11127,0.0,236.1,31.0,Stopped
2024-01-01 04:35:00,366972280.0,29.76364,-95.11131,0.0,245.1,31.0,Stopped
2024-01-01 04:45:00,366972280.0,29.76365,-95.11134,0.0,227.8,31.0,Stopped
2024-01-01 04:55:00,366972280.0,29.76365,-95.11132,0.0,228.0,31.0,Stopped
2024-01-01 05:00:00,366972280.0,29.76366,-95.1113,0.0,238.9,31.0,Stopped
2024-01-01 05:05:00,366972280.0,29.76365,-95.11131,0.0,233.6,31.0,Stopped
2024-01-01 05:10:00,366972280.0,29.76362,-95.11132,0.0,241.7,31.0,Stopped
2024-01-01 05:15:00,366972280.0,29.76371,-95.11127,0.0,235.7,31.0,Stopped
2024-01-01 05:20:00,366972280.0,29.76365,-95.11133,0.0,226.0,31.0,Stopped
2024-01-01 05:25:00,366972280.0,29.76367,-95.11131,0.0,225.0,31.0,Stopped
2024-01-01 05:30:00,366972280.0,29.76362,-95.1113,0.0,233.1,31.0,Stopped
2024-01-01 05:35:00,366972280.0,29.76364,-95.11129,0.0,232.7,31.0,Stopped
2024-01-01 05:40:00,366972280.0,29.76363,-95.11128,0.0,226.4,31.0,Stopped
2024-01-01 05:45:00,366972280.0,29.76361,-95.11129,0.0,223.2,31.0,Stopped
2024-01-01 05:50:00,366972280.0,29.76301,-95.11153,2.2,111.3,31.0,Slow
2024-01-01 05:55:00,366972280.0,29.76086,-95.10676,4.6,121.2,31.0,Slow
2024-01-01 06:00:00,366972280.0,29.75834,-95.0997,5.6,109.8,31.0,Slow
2024-01-01 06:05:00,366972280.0,29.75544,-95.09452,3.0,175.3,31.0,Slow
2024-01-01 06:10:00,366972280.0,29.74791,-95.10076,6.6,219.0,31.0,Slow
2024-01-01 06:15:00,366972280.0,29.74215,-95.10734,6.2,235.2,31.0,Slow
2024-01-01 06:20:00,366972280.0,29.73833,-95.11798,6.5,246.2,31.0,Slow
2024-01-01 06:25:00,366972280.0,29.73504,-95.12644,6.4,248.5,31.0,Slow
2024-01-01 06:30:00,366972280.0,29.73492,-95.13573,6.3,277.3,31.0,Slow
2024-01-01 06:35:00,366972280.0,29.73629,-95.14729,6.3,275.6,31.0,Slow
2024-01-01 06:40:00,366972280.0,29.73658,-95.15411,1.9,279.6,31.0,Stopped
2024-01-01 06:45:00,366972280.0,29.7373,-95.15598,0.4,1.7,31.0,Stopped
2024-01-01 06:50:00,366972280.0,29.73728,-95.15601,0.0,279.4,31.0,Stopped
2024-01-01 06:55:00,366972280.0,29.73786,-95.15633,4.3,314.5,31.0,Slow
2024-01-01 07:15:00,366972280.0,29.73772,-95.15663,0.0,276.9,31.0,Stopped
2024-01-01 07:20:00,366972280.0,29.73768,-95.15666,0.0,263.2,31.0,Stopped
2024-01-01 07:40:00,366972280.0,29.73776,-95.15664,0.0,227.4,31.0,Stopped
2024-01-01 07:50:00,366972280.0,29.73771,-95.15664,0.0,251.6,31.0,Stopped
2024-01-01 07:55:00,366972280.0,29.73774,-95.15662,0.0,243.9,31.0,Stopped
2024-01-01 08:00:00,366972280.0,29.73773,-95.15659,0.0,231.6,31.0,Stopped
2024-01-01 08:05:00,366972280.0,29.73772,-95.15661,0.0,230.1,31.0,Stopped
2024-01-01 08:10:00,366972280.0,29.73774,-95.15661,0.0,232.1,31.0,Stopped
2024-01-01 08:35:00,366972280.0,29.73775,-95.15654,0.0,240.8,31.0,Stopped
2024-01-01 08:40:00,366972280.0,29.73777,-95.15663,0.0,239.8,31.0,Stopped
2024-01-01 09:10:00,366972280.0,29.73771,-95.15663,0.0,244.6,31.0,Stopped
2024-01-01 09:25:00,366972280.0,29.73775,-95.15668,0.0,252.3,31.0,Stopped
2024-01-01 09:30:00,366972280.0,29.73768,-95.15651,0.0,255.3,31.0,Stopped
2024-01-01 09:35:00,366972280.0,29.73771,-95.1566,0.0,258.8,31.0,Stopped
2024-01-01 09:40:00,366972280.0,29.7377,-95.1566,0.0,277.5,31.0,Stopped
2024-01-01 09:45:00,366972280.0,29.73774,-95.15665,0.0,272.6,31.0,Stopped
2024-01-01 09:50:00,366972280.0,29.73775,-95.15659,0.0,285.0,31.0,Stopped
2024-01-01 09:55:00,366972280.0,29.73773,-95.15663,0.0,293.3,31.0,Stopped
2024-01-01 10:05:00,366972280.0,29.73776,-95.15661,0.0,305.0,31.0,Stopped
2024-01-01 10:15:00,366972280.0,29.73774,-95.1566,0.0,312.6,31.0,Stopped
2024-01-01 10:30:00,366972280.0,29.73785,-95.15655,0.0,271.0,31.0,Stopped
2024-01-01 10:35:00,366972280.0,29.73773,-95.15662,0.0,277.9,31.0,Stopped
2024-01-01 10:50:00,366972280.0,29.73772,-95.15664,0.0,256.9,31.0,Stopped
2024-01-01 11:15:00,366972280.0,29.73773,-95.15666,0.0,261.6,31.0,Stopped
2024-01-01 11:20:00,366972280.0,29.73772,-95.15666,0.0,276.1,31.0,Stopped
2024-01-01 11:25:00,366972280.0,29.73774,-95.15667,0.0,279.1,31.0,Stopped
2024-01-01 11:30:00,366972280.0,29.73775,-95.15666,0.0,276.1,31.0,Stopped
2024-01-01 11:40:00,366972280.0,29.7377,-95.15666,0.0,293.7,31.0,Stopped
2024-01-01 11:50:00,366972280.0,29.73771,-95.15666,0.0,248.7,31.0,Stopped
2024-01-01 11:55:00,366972280.0,29.73774,-95.15664,0.0,289.4,31.0,Stopped
2024-01-01 12:00:00,366972280.0,29.73769,-95.15669,0.0,301.7,31.0,Stopped
2024-01-01 12:10:00,366972280.0,29.73772,-95.15667,0.0,273.5,31.0,Stopped
2024-01-01 12:15:00,366972280.0,29.7377,-95.15665,0.0,303.2,31.0,Stopped
2024-01-01 12:20:00,366972280.0,29.73775,-95.15664,0.0,330.2,31.0,Stopped
2024-01-01 12:25:00,366972280.0,29.73773,-95.15667,0.0,336.5,31.0,Stopped
2024-01-01 12:35:00,366972280.0,29.73775,-95.15665,0.0,332.3,31.0,Stopped
2024-01-01 12:40:00,366972280.0,29.73773,-95.15665,0.0,302.7,31.0,Stopped
2024-01-01 12:45:00,366972280.0,29.73772,-95.15665,0.0,271.5,31.0,Stopped
2024-01-01 12:50:00,366972280.0,29.73778,-95.15662,0.0,268.4,31.0,Stopped
2024-01-01 12:55:00,366972280.0,29.73774,-95.15663,0.0,264.7,31.0,Stopped
2024-01-01 13:00:00,366972280.0,29.73771,-95.15662,0.0,251.0,31.0,Stopped
2024-01-01 13:05:00,366972280.0,29.73772,-95.15662,0.3,144.0,31.0,Stopped
2024-01-01 13:10:00,366972280.0,29.73713,-95.15521,4.0,112.0,31.0,Slow
2024-01-01 13:15:00,366972280.0,29.73555,-95.14713,5.5,68.7,31.0,Slow
2024-01-01 13:20:00,366972280.0,29.73437,-95.13666,6.2,105.2,31.0,Slow
2024-01-01 13:25:00,366972280.0,29.7343,-95.1256,8.0,74.6,31.0,Slow
2024-01-01 13:30:00,366972280.0,29.73822,-95.11643,6.7,67.2,31.0,Slow
2024-01-01 13:35:00,366972280.0,29.7427,-95.10582,6.6,45.8,31.0,Slow
2024-01-01 13:40:00,366972280.0,29.74854,-95.09933,4.8,40.6,31.0,Slow
2024-01-01 13:45:00,366972280.0,29.75473,-95.09401,5.8,30.2,31.0,Slow
2024-01-01 13:50:00,366972280.0,29.76076,-95.09011,5.5,39.4,31.0,Slow
2024-01-01 13:55:00,366972280.0,29.76527,-95.09093,4.8,282.2,31.0,Slow
2024-01-01 14:00:00,366972280.0,29.76469,-95.09772,4.5,304.7,31.0,Slow
2024-01-01 14:05:00,366972280.0,29.76921,-95.10048,0.6,334.5,31.0,Stopped
2024-01-01 14:10:00,366972280.0,29.77106,-95.10077,0.8,260.7,31.0,Stopped
2024-01-01 14:15:00,366972280.0,29.77099,-95.10081,0.1,204.2,31.0,Stopped
2024-01-01 14:20:00,366972280.0,29.77494,-95.10064,6.2,359.1,31.0,Slow
2024-01-01 14:25:00,366972280.0,29.78105,-95.10026,0.2,219.0,31.0,Stopped
2024-01-01 14:30:00,366972280.0,29.78101,-95.10032,0.0,246.2,31.0,Stopped
2024-01-01 14:35:00,366972280.0,29.78106,-95.10027,0.0,221.3,31.0,Stopped
2024-01-01 14:40:00,366972280.0,29.78106,-95.10029,0.0,252.8,31.0,Stopped
2024-01-01 14:45:00,366972280.0,29.78104,-95.10024,0.0,264.8,31.0,Stopped
2024-01-01 14:50:00,366972280.0,29.78101,-95.1003,0.0,264.6,31.0,Stopped
2024-01-01 15:10:00,366972280.0,29.78103,-95.10031,0.0,260.9,31.0,Stopped
2024-01-01 15:25:00,366972280.0,29.78109,-95.10032,0.0,280.1,31.0,Stopped
2024-01-01 15:30:00,366972280.0,29.78105,-95.1003,0.0,266.6,31.0,Stopped
2024-01-01 15:35:00,366972280.0,29.78099,-95.10031,0.0,269.7,31.0,Stopped
2024-01-01 15:40:00,366972280.0,29.78105,-95.10025,0.0,270.6,31.0,Stopped
2024-01-01 15:45:00,366972280.0,29.78106,-95.10026,0.0,273.0,31.0,Stopped
2024-01-01 15:50:00,366972280.0,29.78105,-95.10027,0.0,274.2,31.0,Stopped
2024-01-01 15:55:00,366972280.0,29.78107,-95.10032,0.0,293.6,31.0,Stopped
2024-01-01 16:20:00,366972280.0,29.78101,-95.10033,0.1,254.6,31.0,Stopped
2024-01-01 16:25:00,366972280.0,29.781,-95.10026,0.1,252.6,31.0,Stopped
2024-01-01 16:30:00,366972280.0,29.781,-95.10028,0.0,259.8,31.0,Stopped
2024-01-01 16:40:00,366972280.0,29.781,-95.10033,0.1,270.8,31.0,Stopped
2024-01-01 16:45:00,366972280.0,29.781,-95.10022,0.0,259.8,31.0,Stopped
2024-01-01 16:50:00,366972280.0,29.78099,-95.10026,0.0,265.1,31.0,Stopped
2024-01-01 17:00:00,366972280.0,29.781,-95.10025,0.0,295.9,31.0,Stopped
2024-01-01 17:05:00,366972280.0,29.7811,-95.10034,0.0,269.7,31.0,Stopped
2024-01-01 17:10:00,366972280.0,29.78102,-95.10031,0.0,266.3,31.0,Stopped
2024-01-01 17:15:00,366972280.0,29.78104,-95.10027,0.1,254.5,31.0,Stopped
2024-01-01 17:25:00,366972280.0,29.78103,-95.10032,0.0,244.8,31.0,Stopped
2024-01-01 17:30:00,366972280.0,29.78104,-95.10031,0.0,251.6,31.0,Stopped
2024-01-01 17:35:00,366972280.0,29.78101,-95.10029,0.0,245.0,31.0,Stopped
2024-01-01 17:50:00,366972280.0,29.78105,-95.10028,0.0,252.2,31.0,Stopped
2024-01-01 18:05:00,366972280.0,29.781,-95.10027,0.0,241.1,31.0,Stopped
2024-01-01 18:10:00,366972280.0,29.78103,-95.10026,0.0,242.1,31.0,Stopped
2024-01-01 18:15:00,366972280.0,29.78101,-95.10028,0.1,233.7,31.0,Stopped
2024-01-01 18:20:00,366972280.0,29.78103,-95.10027,0.0,230.0,31.0,Stopped
2024-01-01 18:25:00,366972280.0,29.78104,-95.10028,0.0,241.9,31.0,Stopped
2024-01-01 18:30:00,366972280.0,29.78101,-95.10034,0.0,243.9,31.0,Stopped
2024-01-01 18:35:00,366972280.0,29.78097,-95.10032,0.0,239.4,31.0,Stopped
2024-01-01 18:40:00,366972280.0,29.78104,-95.10032,0.1,248.1,31.0,Stopped
2024-01-01 18:45:00,366972280.0,29.781,-95.10032,0.0,251.7,31.0,Stopped
2024-01-01 18:50:00,366972280.0,29.78103,-95.10025,0.0,224.6,31.0,Stopped
2024-01-01 18:55:00,366972280.0,29.78106,-95.10028,0.0,240.8,31.0,Stopped
2024-01-01 19:00:00,366972280.0,29.78108,-95.10027,0.0,258.3,31.0,Stopped
2024-01-01 19:05:00,366972280.0,29.78107,-95.10022,0.1,268.8,31.0,Stopped
2024-01-01 19:10:00,366972280.0,29.78105,-95.10029,0.0,238.9,31.0,Stopped
2024-01-01 19:15:00,366972280.0,29.78102,-95.1003,0.1,216.2,31.0,Stopped
2024-01-01 19:20:00,366972280.0,29.78101,-95.10036,0.0,224.8,31.0,Stopped
2024-01-01 19:25:00,366972280.0,29.78107,-95.10026,0.0,224.1,31.0,Stopped
2024-01-01 19:30:00,366972280.0,29.78104,-95.1003,0.0,227.2,31.0,Stopped
2024-01-01 19:35:00,366972280.0,29.78098,-95.09968,4.3,172.1,31.0,Slow
2024-01-01 19:40:00,366972280.0,29.77258,-95.10062,5.3,179.4,31.0,Slow
2024-01-01 19:45:00,366972280.0,29.76897,-95.10056,0.1,6.2,31.0,Stopped
2024-01-01 19:50:00,366972280.0,29.769,-95.10036,2.0,177.7,31.0,Stopped
2024-01-01 19:55:00,366972280.0,29.76385,-95.09591,4.8,88.8,31.0,Slow
2024-01-01 20:00:00,366972280.0,29.76504,-95.09045,3.3,109.4,31.0,Slow
2024-01-01 20:05:00,366972280.0,29.76336,-95.08269,7.5,107.5,31.0,Slow
2024-01-01 20:10:00,366972280.0,29.75839,-95.07242,8.1,135.7,31.0,Slow
2024-01-01 20:15:00,366972280.0,29.74793,-95.0647,7.5,151.7,31.0,Slow
2024-01-01 20:20:00,366972280.0,29.74009,-95.06001,6.1,146.3,31.0,Slow
2024-01-01 20:25:00,366972280.0,29.73415,-95.05253,8.3,120.0,31.0,Slow
2024-01-01 20:30:00,366972280.0,29.73029,-95.04123,8.2,97.9,31.0,Slow
2024-01-01 20:35:00,366972280.0,29.72771,-95.02685,7.9,129.5,31.0,Slow
2024-01-01 20:40:00,366972280.0,29.71868,-95.02176,8.3,179.0,31.0,Slow
2024-01-01 20:45:00,366972280.0,29.70539,-95.01915,8.2,150.4,31.0,Slow
2024-01-01 20:50:00,366972280.0,29.70023,-95.00932,8.5,101.0,31.0,Slow
2024-01-01 20:55:00,366972280.0,29.69661,-94.997,8.4,128.2,31.0,Slow
2024-01-01 21:00:00,366972280.0,29.69024,-94.98879,6.2,140.1,31.0,Slow
2024-01-01 21:05:00,366972280.0,29.68467,-94.98413,1.9,148.0,31.0,Stopped
2024-01-01 21:10:00,366972280.0,29.68315,-94.98318,5.1,145.4,31.0,Slow
2024-01-01 21:15:00,366972280.0,29.68381,-94.98087,2.9,56.8,31.0,Slow
2024-01-01 21:20:00,366972280.0,29.68812,-94.97214,4.6,71.2,31.0,Slow
2024-01-01 21:25:00,366972280.0,29.68899,-94.96593,4.3,74.4,31.0,Slow
2024-01-01 21:30:00,366972280.0,29.6867,-94.96045,4.7,119.0,31.0,Slow
2024-01-01 21:35:00,366972280.0,29.68312,-94.95295,4.6,120.7,31.0,Slow
2024-01-01 21:40:00,366972280.0,29.68036,-94.94706,4.5,123.1,31.0,Slow
2024-01-01 21:45:00,366972280.0,29.6786,-94.94356,2.9,114.5,31.0,Slow
2024-01-01 21:50:00,366972280.0,29.67581,-94.93914,4.0,135.7,31.0,Slow
2024-01-01 21:55:00,366972280.0,29.67219,-94.93392,4.5,94.8,31.0,Slow
2024-01-01 22:00:00,366972280.0,29.67509,-94.92926,3.7,15.4,31.0,Slow
2024-01-01 22:05:00,366972280.0,29.68112,-94.92655,3.9,55.4,31.0,Slow
2024-01-01 22:10:00,366972280.0,29.684,-94.92202,3.5,70.9,31.0,Slow
2024-01-01 22:15:00,366972280.0,29.68816,-94.92,2.7,342.1,31.0,Slow
2024-01-01 22:20:00,366972280.0,29.69158,-94.92161,3.8,342.6,31.0,Slow
2024-01-01 22:25:00,366972280.0,29.69467,-94.91854,2.9,70.2,31.0,Slow
2024-01-01 22:30:00,366972280.0,29.69801,-94.91594,3.2,0.3,31.0,Slow
2024-01-01 22:35:00,366972280.0,29.69897,-94.9189,4.4,287.8,31.0,Slow
2024-01-01 22:40:00,366972280.0,29.6985,-94.9242,3.8,212.5,31.0,Slow
2024-01-01 22:45:00,366972280.0,29.69745,-94.9297,3.9,303.7,31.0,Slow
2024-01-01 22:50:00,366972280.0,29.70056,-94.92758,3.7,63.3,31.0,Slow
2024-01-01 22:55:00,366972280.0,29.70388,-94.92609,3.5,288.2,31.0,Slow
2024-01-01 23:00:00,366972280.0,29.70498,-94.93249,4.3,312.3,31.0,Slow
2024-01-01 23:05:00,366972280.0,29.71206,-94.93352,5.3,30.6,31.0,Slow
2024-01-01 23:10:00,366972280.0,29.71476,-94.93579,4.5,254.7,31.0,Slow
2024-01-01 23:15:00,366972280.0,29.71377,-94.94304,4.8,306.3,31.0,Slow
2024-01-01 23:20:00,366972280.0,29.71958,-94.94325,5.0,40.3,31.0,Slow
2024-01-01 23:25:00,366972280.0,29.72549,-94.94054,5.0,36.3,31.0,Slow
2024-01-01 23:30:00,366972280.0,29.73056,-94.93645,5.1,34.3,31.0,Slow
2024-01-01 23:35:00,366972280.0,29.73575,-94.9306,4.5,43.0,31.0,Slow
2024-01-01 23:40:00,366972280.0,29.74122,-94.92862,4.2,353.6,31.0,Slow
2024-01-01 23:45:00,366972280.0,29.74685,-94.92984,4.4,347.5,31.0,Slow
2024-01-01 23:50:00,366972280.0,29.75165,-94.928,4.4,70.3,31.0,Slow
2024-01-01 23:55:00,366972280.0,29.75542,-94.92298,4.6,59.1,31.0,Slow
2024-01-01 00:15:00,367108840.0,29.82247,-92.13247,0.0,330.3,30.0,Stopped
2024-01-01 01:35:00,367108840.0,29.82254,-92.13243,0.0,257.3,30.0,Stopped
2024-01-01 03:40:00,367108840.0,29.82246,-92.13247,0.0,240.1,30.0,Stopped
2024-01-01 04:10:00,367108840.0,29.82256,-92.13245,0.0,234.1,30.0,Stopped
2024-01-01 04:30:00,367108840.0,29.82252,-92.13248,0.0,249.4,30.0,Stopped
2024-01-01 04:35:00,367108840.0,29.8225,-92.13249,0.0,253.8,30.0,Stopped
2024-01-01 04:40:00,367108840.0,29.82255,-92.13248,0.0,245.6,30.0,Stopped
2024-01-01 04:55:00,367108840.0,29.82254,-92.13245,0.0,260.1,30.0,Stopped
2024-01-01 05:20:00,367108840.0,29.82248,-92.13237,0.0,201.6,30.0,Stopped
2024-01-01 05:25:00,367108840.0,29.82252,-92.13249,0.0,222.2,30.0,Stopped
2024-01-01 05:30:00,367108840.0,29.82243,-92.1324,0.0,212.2,30.0,Stopped
2024-01-01 05:35:00,367108840.0,29.82245,-92.13239,0.0,196.6,30.0,Stopped
2024-01-01 05:45:00,367108840.0,29.82249,-92.13243,0.0,211.3,30.0,Stopped
2024-01-01 05:55:00,367108840.0,29.82248,-92.13243,0.0,196.8,30.0,Stopped
2024-01-01 06:55:00,367108840.0,29.82253,-92.13246,0.0,276.3,30.0,Stopped
2024-01-01 07:20:00,367108840.0,29.82249,-92.13246,0.0,234.7,30.0,Stopped
2024-01-01 07:25:00,367108840.0,29.82255,-92.13245,0.0,232.5,30.0,Stopped
2024-01-01 07:30:00,367108840.0,29.82253,-92.13249,0.0,232.7,30.0,Stopped
2024-01-01 07:35:00,367108840.0,29.82251,-92.13248,0.0,245.1,30.0,Stopped
2024-01-01 07:40:00,367108840.0,29.82246,-92.13241,0.0,225.0,30.0,Stopped
2024-01-01 07:50:00,367108840.0,29.82254,-92.13249,0.0,216.3,30.0,Stopped
2024-01-01 08:00:00,367108840.0,29.82243,-92.13229,0.0,218.5,30.0,Stopped
2024-01-01 08:05:00,367108840.0,29.82243,-92.13241,0.0,261.9,30.0,Stopped
2024-01-01 08:10:00,367108840.0,29.82246,-92.13238,0.0,267.0,30.0,Stopped
2024-01-01 08:20:00,367108840.0,29.82257,-92.13244,0.0,255.8,30.0,Stopped
2024-01-01 08:25:00,367108840.0,29.82254,-92.13244,0.0,255.4,30.0,Stopped
2024-01-01 08:40:00,367108840.0,29.82252,-92.13242,0.0,254.0,30.0,Stopped
2024-01-01 09:30:00,367108840.0,29.82247,-92.13246,0.0,279.7,30.0,Stopped
2024-01-01 09:35:00,367108840.0,29.82246,-92.13249,0.0,278.7,30.0,Stopped
2024-01-01 09:50:00,367108840.0,29.82246,-92.13242,0.0,308.8,30.0,Stopped
2024-01-01 10:10:00,367108840.0,29.8225,-92.13237,0.0,315.5,30.0,Stopped
2024-01-01 10:20:00,367108840.0,29.82246,-92.13233,0.0,302.7,30.0,Stopped
2024-01-01 10:25:00,367108840.0,29.82243,-92.13236,0.0,285.9,30.0,Stopped
2024-01-01 10:30:00,367108840.0,29.82255,-92.13244,0.0,292.3,30.0,Stopped
2024-01-01 10:35:00,367108840.0,29.82242,-92.13243,0.0,290.9,30.0,Stopped
2024-01-01 10:40:00,367108840.0,29.82239,-92.13245,0.0,293.2,30.0,Stopped
2024-01-01 10:45:00,367108840.0,29.82251,-92.13237,0.0,301.8,30.0,Stopped
2024-01-01 10:50:00,367108840.0,29.82242,-92.13244,0.0,291.8,30.0,Stopped
2024-01-01 10:55:00,367108840.0,29.82243,-92.13238,0.0,294.6,30.0,Stopped
2024-01-01 11:00:00,367108840.0,29.82253,-92.13238,0.0,291.1,30.0,Stopped
2024-01-01 11:15:00,367108840.0,29.82251,-92.1324,0.0,269.2,30.0,Stopped
2024-01-01 11:55:00,367108840.0,29.82251,-92.13246,0.0,325.4,30.0,Stopped
2024-01-01 12:05:00,367108840.0,29.82251,-92.13247,0.0,292.1,30.0,Stopped
2024-01-01 12:15:00,367108840.0,29.82257,-92.13241,0.0,307.3,30.0,Stopped
2024-01-01 12:20:00,367108840.0,29.8226,-92.13234,0.0,326.7,30.0,Stopped
2024-01-01 12:35:00,367108840.0,29.82249,-92.13247,0.0,261.3,30.0,Stopped
2024-01-01 12:40:00,367108840.0,29.82247,-92.13249,0.0,245.9,30.0,Stopped
2024-01-01 13:15:00,367108840.0,29.82253,-92.13245,0.0,243.1,30.0,Stopped
2024-01-01 13:25:00,367108840.0,29.82251,-92.13241,0.0,239.1,30.0,Stopped
2024-01-01 13:30:00,367108840.0,29.82246,-92.13243,0.0,229.8,30.0,Stopped
2024-01-01 14:10:00,367108840.0,29.82253,-92.13244,0.0,280.4,30.0,Stopped
2024-01-01 14:35:00,367108840.0,29.8225,-92.13244,0.0,244.1,30.0,Stopped
2024-01-01 14:55:00,367108840.0,29.8225,-92.13246,0.0,273.6,30.0,Stopped
2024-01-01 15:25:00,367108840.0,29.82253,-92.13243,0.0,264.4,30.0,Stopped
2024-01-01 15:30:00,367108840.0,29.82252,-92.13241,0.0,270.7,30.0,Stopped
2024-01-01 15:35:00,367108840.0,29.8225,-92.13245,0.0,243.0,30.0,Stopped
2024-01-01 15:50:00,367108840.0,29.82252,-92.13245,0.0,261.7,30.0,Stopped
2024-01-01 15:55:00,367108840.0,29.82254,-92.13246,0.0,249.8,30.0,Stopped
2024-01-01 16:00:00,367108840.0,29.82248,-92.13246,0.0,246.7,30.0,Stopped
2024-01-01 16:10:00,367108840.0,29.82253,-92.13255,0.1,227.5,30.0,Stopped
2024-01-01 16:45:00,367108840.0,29.82247,-92.13239,0.0,274.5,30.0,Stopped
2024-01-01 17:00:00,367108840.0,29.82252,-92.13247,0.0,266.5,30.0,Stopped
2024-01-01 17:10:00,367108840.0,29.82261,-92.13246,0.0,264.9,30.0,Stopped
2024-01-01 17:45:00,367108840.0,29.82251,-92.13243,0.0,257.5,30.0,Stopped
2024-01-01 18:05:00,367108840.0,29.82249,-92.13244,0.0,232.5,30.0,Stopped
2024-01-01 18:30:00,367108840.0,29.82251,-92.13245,0.0,219.7,30.0,Stopped
2024-01-01 18:50:00,367108840.0,29.82251,-92.13242,0.0,234.6,30.0,Stopped
2024-01-01 19:00:00,367108840.0,29.82242,-92.13242,0.0,208.6,30.0,Stopped
2024-01-01 19:05:00,367108840.0,29.82245,-92.13244,0.1,215.3,30.0,Stopped
2024-01-01 19:25:00,367108840.0,29.82247,-92.1324,0.0,242.3,30.0,Stopped
2024-01-01 19:35:00,367108840.0,29.82252,-92.13243,0.0,231.0,30.0,Stopped
2024-01-01 19:40:00,367108840.0,29.82253,-92.13242,0.0,232.1,30.0,Stopped
2024-01-01 20:10:00,367108840.0,29.82248,-92.13248,0.0,340.0,30.0,Stopped
2024-01-01 20:20:00,367108840.0,29.82248,-92.13245,0.0,312.8,30.0,Stopped
2024-01-01 20:45:00,367108840.0,29.82241,-92.13246,0.0,341.0,30.0,Stopped
2024-01-01 21:35:00,367108840.0,29.82253,-92.13241,0.0,319.9,30.0,Stopped
2024-01-01 21:50:00,367108840.0,29.82257,-92.13243,0.0,286.4,30.0,Stopped
2024-01-01 22:10:00,367108840.0,29.82251,-92.13244,0.0,293.6,30.0,Stopped
2024-01-01 22:15:00,367108840.0,29.82252,-92.13246,0.0,293.1,30.0,Stopped
2024-01-01 22:20:00,367108840.0,29.82248,-92.13242,0.0,254.8,30.0,Stopped
2024-01-01 22:25:00,367108840.0,29.82252,-92.13244,0.0,263.7,30.0,Stopped
2024-01-01 22:30:00,367108840.0,29.82248,-92.13241,0.0,267.4,30.0,Stopped
2024-01-01 22:40:00,367108840.0,29.82244,-92.13243,0.0,292.3,30.0,Stopped
2024-01-01 22:45:00,367108840.0,29.82248,-92.13244,0.0,293.5,30.0,Stopped
2024-01-01 22:50:00,367108840.0,29.82245,-92.13241,0.0,286.3,30.0,Stopped
2024-01-01 23:00:00,367108840.0,29.8225,-92.13243,0.0,285.6,30.0,Stopped
2024-01-01 23:05:00,367108840.0,29.82252,-92.1324,0.0,295.0,30.0,Stopped
2024-01-01 23:10:00,367108840.0,29.82249,-92.13238,0.0,288.7,30.0,Stopped
2024-01-01 23:20:00,367108840.0,29.82249,-92.13245,0.0,290.9,30.0,Stopped
2024-01-01 23:25:00,367108840.0,29.82251,-92.13238,0.0,305.9,30.0,Stopped
2024-01-01 23:30:00,367108840.0,29.8225,-92.13242,0.0,316.8,30.0,Stopped
2024-01-01 23:35:00,367108840.0,29.82249,-92.13242,0.0,321.9,30.0,Stopped
2024-01-01 23:40:00,367108840.0,29.82249,-92.13241,0.0,314.5,30.0,Stopped
2024-01-01 23:45:00,367108840.0,29.82247,-92.13234,0.0,303.8,30.0,Stopped
2024-01-01 23:50:00,367108840.0,29.82247,-92.13242,0.0,322.4,30.0,Stopped
2024-01-01 23:55:00,367108840.0,29.82244,-92.13245,0.0,319.5,30.0,Stopped
2024-01-01 12:25:00,367167250.0,29.52432,-90.33486,0.0,0.0,31.0,Stopped
2024-01-01 12:30:00,367167250.0,29.52451,-90.33474,2.1,15.9,31.0,Slow
2024-01-01 12:35:00,367167250.0,29.53262,-90.33654,4.4,353.4,31.0,Slow
2024-01-01 12:40:00,367167250.0,29.53755,-90.3356,4.6,12.5,31.0,Slow
2024-01-01 12:45:00,367167250.0,29.54124,-90.33603,4.7,337.4,31.0,Slow
2024-01-01 12:50:00,367167250.0,29.54667,-90.34056,4.4,311.7,31.0,Slow
2024-01-01 12:55:00,367167250.0,29.55153,-90.3473,5.0,310.9,31.0,Slow
2024-01-01 13:00:00,367167250.0,29.55676,-90.35259,5.1,329.4,31.0,Slow
2024-01-01 13:05:00,367167250.0,29.56154,-90.35769,4.6,315.5,31.0,Slow
2024-01-01 13:10:00,367167250.0,29.56471,-90.36404,4.7,293.2,31.0,Slow
2024-01-01 13:15:00,367167250.0,29.56731,-90.37002,3.1,296.5,31.0,Slow
2024-01-01 13:20:00,367167250.0,29.56958,-90.3775,4.4,290.5,31.0,Slow
2024-01-01 13:25:00,367167250.0,29.57157,-90.38316,5.8,291.6,31.0,Slow
2024-01-01 13:30:00,367167250.0,29.56493,-90.38733,5.9,199.2,31.0,Slow
2024-01-01 13:35:00,367167250.0,29.55715,-90.39087,7.2,206.0,31.0,Slow
2024-01-01 13:40:00,367167250.0,29.55063,-90.3994,7.3,256.1,31.0,Slow
2024-01-01 13:45:00,367167250.0,29.55194,-90.41201,7.2,280.3,31.0,Slow
2024-01-01 13:50:00,367167250.0,29.55416,-90.42818,7.3,286.4,31.0,Slow
2024-01-01 13:55:00,367167250.0,29.55539,-90.43517,7.4,280.3,31.0,Slow
2024-01-01 14:00:00,367167250.0,29.55725,-90.44918,7.4,279.9,31.0,Slow
2024-01-01 14:05:00,367167250.0,29.55797,-90.45858,7.4,275.4,31.0,Slow
2024-01-01 14:10:00,367167250.0,29.55851,-90.47387,7.4,266.3,31.0,Slow
2024-01-01 14:15:00,367167250.0,29.55878,-90.48094,7.3,273.0,31.0,Slow
2024-01-01 14:20:00,367167250.0,29.55921,-90.49274,7.4,271.6,31.0,Slow
2024-01-01 14:25:00,367167250.0,29.55986,-90.50571,7.3,274.9,31.0,Slow
2024-01-01 14:30:00,367167250.0,29.56024,-90.51495,7.3,272.8,31.0,Slow
2024-01-01 14:35:00,367167250.0,29.56084,-90.53133,7.3,268.8,31.0,Slow
2024-01-01 14:40:00,367167250.0,29.56154,-90.5478,7.4,274.2,31.0,Slow
2024-01-01 14:45:00,367167250.0,29.56291,-90.55584,7.3,298.3,31.0,Slow
2024-01-01 14:50:00,367167250.0,29.56798,-90.56724,7.2,305.4,31.0,Slow
2024-01-01 14:55:00,367167250.0,29.57236,-90.57656,7.3,295.7,31.0,Slow
2024-01-01 15:00:00,367167250.0,29.5749,-90.58168,7.4,297.0,31.0,Slow
2024-01-01 15:05:00,367167250.0,29.57727,-90.59506,6.8,264.4,31.0,Slow
2024-01-01 15:10:00,367167250.0,29.57633,-90.60473,6.7,263.3,31.0,Slow
2024-01-01 15:15:00,367167250.0,29.57594,-90.6158,7.2,281.9,31.0,Slow
2024-01-01 15:20:00,367167250.0,29.58107,-90.62801,7.0,304.4,31.0,Slow
2024-01-01 15:25:00,367167250.0,29.58551,-90.6356,7.0,299.2,31.0,Slow
2024-01-01 15:30:00,367167250.0,29.59042,-90.64416,7.0,303.8,31.0,Slow
2024-01-01 15:35:00,367167250.0,29.59608,-90.65354,7.3,297.2,31.0,Slow
2024-01-01 15:40:00,367167250.0,29.60077,-90.67108,7.2,288.9,31.0,Slow
2024-01-01 15:45:00,367167250.0,29.60285,-90.67752,7.2,293.3,31.0,Slow
2024-01-01 15:50:00,367167250.0,29.60666,-90.6855,7.2,311.0,31.0,Slow
2024-01-01 15:55:00,367167250.0,29.61326,-90.69704,7.3,282.3,31.0,Slow
2024-01-01 16:00:00,367167250.0,29.6125,-90.7049,7.3,234.4,31.0,Slow
2024-01-01 16:10:00,367167250.0,29.58926,-90.71246,7.1,209.7,31.0,Slow
2024-01-01 16:15:00,367167250.0,29.58222,-90.71656,7.1,213.4,31.0,Slow
2024-01-01 16:20:00,367167250.0,29.57551,-90.71752,6.9,167.2,31.0,Slow
2024-01-01 16:25:00,367167250.0,29.56576,-90.72381,7.2,234.1,31.0,Slow
2024-01-01 16:30:00,367167250.0,29.56424,-90.73838,7.0,251.1,31.0,Slow
2024-01-01 16:35:00,367167250.0,29.56212,-90.74601,7.1,250.5,31.0,Slow
2024-01-01 16:40:00,367167250.0,29.55352,-90.75321,7.1,209.8,31.0,Slow
2024-01-01 16:45:00,367167250.0,29.54457,-90.75846,7.2,200.1,31.0,Slow
2024-01-01 16:50:00,367167250.0,29.53543,-90.76615,7.1,268.5,31.0,Slow
2024-01-01 16:55:00,367167250.0,29.53573,-90.7741,7.2,267.0,31.0,Slow
2024-01-01 17:00:00,367167250.0,29.53541,-90.78312,7.0,261.3,31.0,Slow
2024-01-01 17:05:00,367167250.0,29.53512,-90.79635,6.9,270.7,31.0,Slow
2024-01-01 17:10:00,367167250.0,29.53534,-90.80657,7.0,261.3,31.0,Slow
2024-01-01 17:15:00,367167250.0,29.53486,-90.82466,6.6,270.2,31.0,Slow
2024-01-01 17:20:00,367167250.0,29.53496,-90.83236,7.1,271.0,31.0,Slow
2024-01-01 17:25:00,367167250.0,29.53509,-90.84147,7.2,268.4,31.0,Slow
2024-01-01 17:30:00,367167250.0,29.53484,-90.85065,7.2,269.7,31.0,Slow
2024-01-01 17:35:00,367167250.0,29.5345,-90.86558,6.9,263.4,31.0,Slow
2024-01-01 17:40:00,367167250.0,29.5378,-90.87505,7.3,297.1,31.0,Slow
2024-01-01 17:45:00,367167250.0,29.54188,-90.88438,7.1,301.2,31.0,Slow
2024-01-01 17:50:00,367167250.0,29.54655,-90.89455,7.3,302.2,31.0,Slow
2024-01-01 17:55:00,367167250.0,29.55169,-90.9059,7.1,301.0,31.0,Slow
2024-01-01 18:00:00,367167250.0,29.55545,-90.91409,7.2,301.8,31.0,Slow
2024-01-01 18:05:00,367167250.0,29.56054,-90.92543,7.3,286.3,31.0,Slow
2024-01-01 18:10:00,367167250.0,29.56439,-90.93458,6.8,293.4,31.0,Slow
2024-01-01 18:15:00,367167250.0,29.56961,-90.94519,7.1,292.8,31.0,Slow
2024-01-01 18:20:00,367167250.0,29.57415,-90.95416,7.4,297.6,31.0,Slow
2024-01-01 18:25:00,367167250.0,29.58238,-90.96246,7.3,336.1,31.0,Slow
2024-01-01 18:30:00,367167250.0,29.59093,-90.96655,7.3,328.4,31.0,Slow
2024-01-01 18:35:00,367167250.0,29.60086,-90.97316,7.5,328.3,31.0,Slow
2024-01-01 18:40:00,367167250.0,29.60979,-90.97924,7.5,324.4,31.0,Slow
2024-01-01 18:45:00,367167250.0,29.61626,-90.98702,7.5,308.1,31.0,Slow
2024-01-01 18:50:00,367167250.0,29.6227,-90.99808,7.6,302.8,31.0,Slow
2024-01-01 18:55:00,367167250.0,29.62358,-91.00881,7.8,250.3,31.0,Slow
2024-01-01 19:00:00,367167250.0,29.62324,-91.02089,7.8,286.9,31.0,Slow
2024-01-01 19:05:00,367167250.0,29.62311,-91.03311,7.8,277.4,31.0,Slow
2024-01-01 19:10:00,367167250.0,29.62314,-91.04547,7.9,258.1,31.0,Slow
2024-01-01 19:15:00,367167250.0,29.62108,-91.05984,7.6,304.1,31.0,Slow
2024-01-01 19:20:00,367167250.0,29.62506,-91.06866,7.7,290.9,31.0,Slow
2024-01-01 19:25:00,367167250.0,29.63043,-91.08184,7.3,315.3,31.0,Slow
2024-01-01 19:30:00,367167250.0,29.63785,-91.08942,7.1,312.1,31.0,Slow
2024-01-01 19:35:00,367167250.0,29.64032,-91.09792,7.1,290.8,31.0,Slow
2024-01-01 19:40:00,367167250.0,29.63902,-91.11052,7.6,234.8,31.0,Slow
2024-01-01 19:45:00,367167250.0,29.64171,-91.11957,7.5,333.4,31.0,Slow
2024-01-01 19:50:00,367167250.0,29.65047,-91.12363,7.6,339.9,31.0,Slow
2024-01-01 19:55:00,367167250.0,29.662,-91.1293,7.4,331.8,31.0,Slow
2024-01-01 20:00:00,367167250.0,29.67097,-91.13524,7.5,321.2,31.0,Slow
2024-01-01 20:05:00,367167250.0,29.67836,-91.14206,7.6,314.9,31.0,Slow
2024-01-01 20:10:00,367167250.0,29.68375,-91.14978,7.0,295.3,31.0,Slow
2024-01-01 20:15:00,367167250.0,29.6841,-91.16313,7.0,246.9,31.0,Slow
2024-01-01 20:20:00,367167250.0,29.68312,-91.17283,6.3,267.8,31.0,Slow
2024-01-01 20:25:00,367167250.0,29.68296,-91.18259,6.9,286.2,31.0,Slow
2024-01-01 20:30:00,367167250.0,29.68638,-91.19509,6.8,285.5,31.0,Slow
2024-01-01 20:35:00,367167250.0,29.68821,-91.2027,6.2,275.8,31.0,Slow
2024-01-01 20:40:00,367167250.0,29.69206,-91.21252,6.0,336.4,31.0,Slow
2024-01-01 20:45:00,367167250.0,29.69779,-91.21715,3.9,299.8,31.0,Slow
2024-01-01 21:25:00,367167250.0,29.6994,-91.21918,0.0,238.1,31.0,Stopped
2024-01-01 22:35:00,367167250.0,29.6994,-91.21919,0.0,315.5,31.0,Stopped
2024-01-01 23:00:00,367167250.0,29.69941,-91.21919,0.0,315.5,31.0,Stopped
2024-01-01 23:10:00,367167250.0,29.69941,-91.21918,0.0,315.5,31.0,Stopped
2024-01-01 23:30:00,367167250.0,29.69942,-91.21918,0.0,315.5,31.0,Stopped
2024-01-01 23:45:00,367167250.0,29.69942,-91.21919,0.0,315.5,31.0,Stopped
2024-01-01 23:50:00,367167250.0,29.69942,-91.2192,0.0,315.5,31.0,Stopped
2024-01-01 23:55:00,367167250.0,29.69943,-91.2192,0.0,315.5,31.0,Stopped
2024-01-01 00:05:00,367507790.0,29.14224,-90.20454,0.0,75.1,70.0,Stopped
2024-01-01 00:10:00,367507790.0,29.14221,-90.20454,0.0,75.1,70.0,Stopped
2024-01-01 00:20:00,367507790.0,29.14225,-90.20445,0.0,75.1,70.0,Stopped
2024-01-01 00:25:00,367507790.0,29.14224,-90.20453,0.0,75.1,70.0,Stopped
2024-01-01 00:30:00,367507790.0,29.14225,-90.20449,0.0,75.1,70.0,Stopped
2024-01-01 00:35:00,367507790.0,29.14228,-90.20446,0.0,75.1,70.0,Stopped
2024-01-01 00:40:00,367507790.0,29.14226,-90.20449,0.0,75.1,70.0,Stopped
2024-01-01 00:45:00,367507790.0,29.14227,-90.20452,0.0,75.1,70.0,Stopped
2024-01-01 00:50:00,367507790.0,29.14222,-90.20449,0.0,75.1,70.0,Stopped
2024-01-01 00:55:00,367507790.0,29.14224,-90.20456,0.0,75.1,70.0,Stopped
2024-01-01 01:10:00,367507790.0,29.14223,-90.20453,0.0,75.1,70.0,Stopped
2024-01-01 01:30:00,367507790.0,29.14224,-90.20455,0.0,75.1,70.0,Stopped
2024-01-01 01:35:00,367507790.0,29.14224,-90.20451,0.0,75.1,70.0,Stopped
2024-01-01 01:50:00,367507790.0,29.14222,-90.20452,0.0,75.1,70.0,Stopped
2024-01-01 01:55:00,367507790.0,29.14225,-90.20454,0.0,75.1,70.0,Stopped
2024-01-01 02:00:00,367507790.0,29.14223,-90.20451,0.0,75.1,70.0,Stopped
2024-01-01 02:10:00,367507790.0,29.14225,-90.2045,0.0,75.1,70.0,Stopped
2024-01-01 02:15:00,367507790.0,29.14222,-90.20454,0.0,75.1,70.0,Stopped
2024-01-01 02:20:00,367507790.0,29.14223,-90.20454,0.0,75.1,70.0,Stopped
2024-01-01 02:25:00,367507790.0,29.14225,-90.20451,0.0,75.1,70.0,Stopped
2024-01-01 02:35:00,367507790.0,29.14225,-90.20453,0.0,75.1,70.0,Stopped
2024-01-01 02:40:00,367507790.0,29.14224,-90.20458,0.0,75.1,70.0,Stopped
2024-01-01 02:45:00,367507790.0,29.14226,-90.20455,0.0,75.1,70.0,Stopped
2024-01-01 02:50:00,367507790.0,29.14225,-90.20452,0.0,75.1,70.0,Stopped
2024-01-01 02:55:00,367507790.0,29.14223,-90.20452,0.0,75.1,70.0,Stopped
2024-01-01 03:00:00,367507790.0,29.14223,-90.20457,0.0,75.1,70.0,Stopped
2024-01-01 03:05:00,367507790.0,29.14211,-90.20502,0.5,252.5,70.0,Stopped
2024-01-01 03:10:00,367507790.0,29.14275,-90.20539,2.1,340.7,70.0,Slow
2024-01-01 03:15:00,367507790.0,29.14521,-90.2064,1.4,345.6,70.0,Stopped
2024-01-01 03:20:00,367507790.0,29.14783,-90.20885,2.9,244.9,70.0,Slow
2024-01-01 03:25:00,367507790.0,29.1452,-90.21473,5.0,243.3,70.0,Slow
2024-01-01 03:30:00,367507790.0,29.14186,-90.22177,3.2,180.9,70.0,Slow
2024-01-01 03:35:00,367507790.0,29.13691,-90.22078,4.4,171.1,70.0,Slow
2024-01-01 03:40:00,367507790.0,29.13019,-90.21908,6.5,169.7,70.0,Slow
2024-01-01 03:45:00,367507790.0,29.12092,-90.2148,5.5,149.6,70.0,Slow
2024-01-01 03:50:00,367507790.0,29.11485,-90.21066,4.9,146.0,70.0,Slow
2024-01-01 03:55:00,367507790.0,29.10929,-90.20936,3.9,231.1,70.0,Slow
2024-01-01 04:00:00,367507790.0,29.10574,-90.21465,4.9,233.8,70.0,Slow
2024-01-01 04:05:00,367507790.0,29.09988,-90.22092,5.6,216.6,70.0,Slow
2024-01-01 04:10:00,367507790.0,29.09203,-90.22495,7.0,191.5,70.0,Slow
2024-01-01 04:15:00,367507790.0,29.08126,-90.22725,8.5,191.9,70.0,Slow
2024-01-01 04:20:00,367507790.0,29.06586,-90.23078,9.7,192.2,70.0,Slow
2024-01-01 04:25:00,367507790.0,29.05477,-90.23345,9.8,191.5,70.0,Slow
2024-01-01 04:30:00,367507790.0,29.04188,-90.23215,9.9,166.3,70.0,Slow
2024-01-01 04:35:00,367507790.0,29.0255,-90.22827,9.9,169.3,70.0,Slow
2024-01-01 04:40:00,367507790.0,29.01263,-90.22538,10.0,169.4,70.0,Slow
2024-01-01 04:45:00,367507790.0,28.99749,-90.22169,10.0,167.6,70.0,Slow
2024-01-01 04:50:00,367507790.0,28.98475,-90.21845,10.0,168.6,70.0,Slow
2024-01-01 04:55:00,367507790.0,28.97231,-90.21559,9.9,172.2,70.0,Slow
2024-01-01 05:00:00,367507790.0,28.95935,-90.21362,10.0,172.9,70.0,Slow
2024-01-01 05:05:00,367507790.0,28.94309,-90.2113,10.1,173.0,70.0,Cruising
2024-01-01 05:10:00,367507790.0,28.92902,-90.20943,10.1,173.7,70.0,Cruising
2024-01-01 05:15:00,367507790.0,28.91595,-90.20777,10.1,173.6,70.0,Cruising
2024-01-01 05:20:00,367507790.0,28.90185,-90.20601,10.2,174.2,70.0,Cruising
2024-01-01 05:25:00,367507790.0,28.88868,-90.20409,10.2,172.5,70.0,Cruising
2024-01-01 05:30:00,367507790.0,28.8751,-90.20169,10.2,170.5,70.0,Cruising
2024-01-01 05:35:00,367507790.0,28.85853,-90.19848,10.2,171.1,70.0,Cruising
2024-01-01 05:40:00,367507790.0,28.84534,-90.19598,10.3,170.7,70.0,Cruising
2024-01-01 05:45:00,367507790.0,28.83111,-90.19341,10.3,171.1,70.0,Cruising
2024-01-01 05:50:00,367507790.0,28.81774,-90.19109,10.3,171.6,70.0,Cruising
2024-01-01 05:55:00,367507790.0,28.80143,-90.18812,10.1,170.3,70.0,Cruising
2024-01-01 06:00:00,367507790.0,28.79023,-90.18643,10.0,176.2,70.0,Slow
2024-01-01 06:05:00,367507790.0,28.77567,-90.1863,10.0,181.2,70.0,Slow
2024-01-01 06:10:00,367507790.0,28.75922,-90.18658,10.0,181.0,70.0,Slow
2024-01-01 06:15:00,367507790.0,28.74599,-90.18684,10.2,180.8,70.0,Cruising
2024-01-01 06:20:00,367507790.0,28.73224,-90.18714,10.2,181.4,70.0,Cruising
2024-01-01 06:25:00,367507790.0,28.71848,-90.18764,10.0,185.8,70.0,Slow
2024-01-01 06:30:00,367507790.0,28.70263,-90.18958,9.9,186.7,70.0,Slow
2024-01-01 06:35:00,367507790.0,28.68922,-90.19137,10.1,187.0,70.0,Cruising
2024-01-01 06:40:00,367507790.0,28.67464,-90.19327,10.2,186.4,70.0,Cruising
2024-01-01 06:45:00,367507790.0,28.66048,-90.19505,10.2,186.0,70.0,Cruising
2024-01-01 06:50:00,367507790.0,28.64676,-90.19674,10.2,185.9,70.0,Cruising
2024-01-01 06:55:00,367507790.0,28.63357,-90.19865,10.2,187.9,70.0,Cruising
2024-01-01 07:00:00,367507790.0,28.61983,-90.20077,10.2,188.5,70.0,Cruising
2024-01-01 07:05:00,367507790.0,28.60186,-90.20352,10.1,186.8,70.0,Cruising
2024-01-01 07:10:00,367507790.0,28.59162,-90.20479,10.1,187.5,70.0,Cruising
2024-01-01 07:15:00,367507790.0,28.5762,-90.20722,9.9,187.8,70.0,Slow
2024-01-01 07:20:00,367507790.0,28.56197,-90.20964,9.9,188.8,70.0,Slow
2024-01-01 07:25:00,367507790.0,28.55038,-90.2116,10.0,189.1,70.0,Slow
2024-01-01 07:30:00,367507790.0,28.53384,-90.21456,10.0,188.9,70.0,Slow
2024-01-01 07:35:00,367507790.0,28.52083,-90.21677,10.0,188.1,70.0,Slow
2024-01-01 07:40:00,367507790.0,28.50725,-90.21899,10.0,188.5,70.0,Slow
2024-01-01 07:45:00,367507790.0,28.49099,-90.2215,10.1,187.0,70.0,Cruising
2024-01-01 07:50:00,367507790.0,28.48118,-90.22288,9.9,187.2,70.0,Slow
2024-01-01 09:55:00,367507790.0,28.1292,-90.25113,10.3,158.8,70.0,Cruising
2024-01-01 00:45:00,367627770.0,29.93936,-90.00717,0.0,321.3,31.0,Stopped
2024-01-01 04:25:00,367627770.0,29.9394,-90.00721,0.0,198.8,31.0,Stopped
2024-01-01 09:20:00,367627770.0,29.93939,-90.0072,0.0,304.3,31.0,Stopped
2024-01-01 09:45:00,367627770.0,29.93937,-90.00721,0.0,278.9,31.0,Stopped
2024-01-01 12:30:00,367627770.0,29.93938,-90.00716,0.0,300.0,31.0,Stopped
2024-01-01 13:15:00,367627770.0,29.93941,-90.00718,0.0,212.4,31.0,Stopped
2024-01-01 14:40:00,367627770.0,29.93941,-90.00719,0.0,281.5,31.0,Stopped
2024-01-01 15:45:00,367627770.0,29.93939,-90.00717,0.0,293.4,31.0,Stopped
2024-01-01 16:00:00,367627770.0,29.93939,-90.00721,0.0,243.3,31.0,Stopped
2024-01-01 16:15:00,367627770.0,29.93935,-90.00719,0.0,218.7,31.0,Stopped
2024-01-01 16:45:00,367627770.0,29.93936,-90.00718,0.0,264.4,31.0,Stopped
2024-01-01 17:25:00,367627770.0,29.93937,-90.0072,0.0,259.5,31.0,Stopped
2024-01-01 18:55:00,367627770.0,29.93938,-90.00715,0.0,224.3,31.0,Stopped
2024-01-01 19:00:00,367627770.0,29.9394,-90.00719,0.0,220.8,31.0,Stopped
2024-01-01 19:20:00,367627770.0,29.93938,-90.00714,0.0,199.1,31.0,Stopped
2024-01-01 19:35:00,367627770.0,29.93938,-90.00717,0.0,230.0,31.0,Stopped
2024-01-01 19:40:00,367627770.0,29.93937,-90.00718,0.0,293.5,31.0,Stopped
2024-01-01 20:10:00,367627770.0,29.93939,-90.00718,0.0,241.9,31.0,Stopped
2024-01-01 20:15:00,367627770.0,29.93936,-90.0072,0.0,243.6,31.0,Stopped
2024-01-01 20:20:00,367627770.0,29.93938,-90.00718,0.0,232.2,31.0,Stopped
2024-01-01 20:55:00,367627770.0,29.93938,-90.00719,0.0,8.1,31.0,Stopped
2024-01-01 21:00:00,367627770.0,29.93937,-90.00717,0.0,244.6,31.0,Stopped
2024-01-01 21:05:00,367627770.0,29.93939,-90.00719,0.0,292.4,31.0,Stopped
2024-01-01 21:10:00,367627770.0,29.93938,-90.0072,0.0,218.1,31.0,Stopped
2024-01-01 21:25:00,367627770.0,29.93937,-90.00719,0.0,352.2,31.0,Stopped
2024-01-01 21:30:00,367627770.0,29.93936,-90.00719,0.0,225.3,31.0,Stopped
2024-01-01 21:35:00,367627770.0,29.94045,-90.00817,1.2,333.9,31.0,Stopped
2024-01-01 21:40:00,367627770.0,29.93796,-90.00359,7.7,125.1,31.0,Slow
2024-01-01 21:45:00,367627770.0,29.93282,-89.99548,2.6,132.1,31.0,Slow
2024-01-01 21:50:00,367627770.0,29.93185,-89.99323,3.5,335.4,31.0,Slow
2024-01-01 21:55:00,367627770.0,29.93483,-89.999,0.6,286.1,31.0,Stopped
2024-01-01 22:50:00,367627770.0,29.93472,-89.99914,0.0,271.3,31.0,Stopped
2024-01-01 23:10:00,367627770.0,29.93473,-89.99914,0.0,253.3,31.0,Stopped
2024-01-01 23:15:00,367627770.0,29.93474,-89.99917,0.0,185.4,31.0,Stopped
2024-01-01 23:25:00,367627770.0,29.93474,-89.99916,0.0,133.0,31.0,Stopped
2024-01-01 23:35:00,367627770.0,29.93473,-89.99915,0.0,131.4,31.0,Stopped
2024-01-01 23:40:00,367627770.0,29.93475,-89.99916,0.0,319.4,31.0,Stopped
2024-01-01 23:50:00,367627770.0,29.93473,-89.99916,0.0,7.1,31.0,Stopped
2024-01-01 23:55:00,367627770.0,29.93474,-89.99915,0.0,307.2,31.0,Stopped
2024-01-01 00:00:00,367643990.0,29.12205,-90.20995,0.3,37.7,70.0,Stopped
2024-01-01 00:05:00,367643990.0,29.12234,-90.20505,3.9,98.8,70.0,Slow
2024-01-01 00:10:00,367643990.0,29.11846,-90.20243,0.4,173.6,70.0,Stopped
2024-01-01 00:15:00,367643990.0,29.11819,-90.20257,0.1,268.0,70.0,Stopped
2024-01-01 00:20:00,367643990.0,29.11816,-90.20257,0.0,200.5,70.0,Stopped
2024-01-01 00:45:00,367643990.0,29.11818,-90.20261,0.0,200.5,70.0,Stopped
2024-01-01 00:55:00,367643990.0,29.11817,-90.20257,0.0,200.5,70.0,Stopped
2024-01-01 01:40:00,367643990.0,29.11816,-90.20259,0.0,200.5,70.0,Stopped
2024-01-01 02:55:00,367643990.0,29.11819,-90.20261,0.0,200.5,70.0,Stopped
2024-01-01 03:10:00,367643990.0,29.11817,-90.20259,0.0,200.5,70.0,Stopped
2024-01-01 03:15:00,367643990.0,29.1182,-90.20251,0.2,75.5,70.0,Stopped
2024-01-01 03:20:00,367643990.0,29.11849,-90.20215,0.5,313.8,70.0,Stopped
2024-01-01 03:25:00,367643990.0,29.11848,-90.20235,0.5,233.5,70.0,Stopped
2024-01-01 03:30:00,367643990.0,29.12261,-90.20452,5.5,288.5,70.0,Slow
2024-01-01 03:35:00,367643990.0,29.11972,-90.20691,2.0,142.4,70.0,Stopped
2024-01-01 03:40:00,367643990.0,29.11977,-90.2067,0.1,319.9,70.0,Stopped
2024-01-01 03:45:00,367643990.0,29.11978,-90.20667,0.0,319.9,70.0,Stopped
2024-01-01 03:50:00,367643990.0,29.11976,-90.20666,0.0,319.9,70.0,Stopped
2024-01-01 03:55:00,367643990.0,29.11971,-90.20672,0.5,221.3,70.0,Stopped
2024-01-01 04:00:00,367643990.0,29.11956,-90.20678,0.1,237.9,70.0,Stopped
2024-01-01 04:05:00,367643990.0,29.12073,-90.2076,2.3,316.8,70.0,Slow
2024-01-01 04:10:00,367643990.0,29.12253,-90.20762,4.4,97.1,70.0,Slow
2024-01-01 04:15:00,367643990.0,29.11896,-90.20242,4.1,170.0,70.0,Slow
2024-01-01 04:20:00,367643990.0,29.11823,-90.20177,0.3,35.3,70.0,Stopped
2024-01-01 04:25:00,367643990.0,29.11791,-90.20198,0.1,203.5,70.0,Stopped
2024-01-01 06:40:00,367643990.0,29.1179,-90.20198,0.0,184.6,70.0,Stopped
2024-01-01 07:35:00,367643990.0,29.1179,-90.20197,0.0,184.6,70.0,Stopped
2024-01-01 08:15:00,367643990.0,29.1179,-90.20196,0.0,184.6,70.0,Stopped
2024-01-01 08:55:00,367643990.0,29.1179,-90.20195,0.0,184.6,70.0,Stopped
2024-01-01 09:35:00,367643990.0,29.11789,-90.20193,0.0,184.6,70.0,Stopped
2024-01-01 09:45:00,367643990.0,29.11788,-90.20197,0.0,184.6,70.0,Stopped
2024-01-01 10:00:00,367643990.0,29.11787,-90.20196,0.0,184.6,70.0,Stopped
2024-01-01 10:10:00,367643990.0,29.11792,-90.20196,0.0,184.6,70.0,Stopped
2024-01-01 10:15:00,367643990.0,29.11792,-90.20197,0.0,184.6,70.0,Stopped
2024-01-01 10:20:00,367643990.0,29.11785,-90.20196,0.0,184.6,70.0,Stopped
2024-01-01 10:25:00,367643990.0,29.11786,-90.20194,0.0,184.6,70.0,Stopped
2024-01-01 10:30:00,367643990.0,29.11787,-90.20195,0.0,184.6,70.0,Stopped
2024-01-01 10:35:00,367643990.0,29.11789,-90.20194,0.0,184.6,70.0,Stopped
2024-01-01 10:40:00,367643990.0,29.11788,-90.20193,0.0,184.6,70.0,Stopped
2024-01-01 10:45:00,367643990.0,29.11786,-90.20193,0.0,184.6,70.0,Stopped
2024-01-01 10:50:00,367643990.0,29.11788,-90.20194,0.0,184.6,70.0,Stopped
2024-01-01 11:00:00,367643990.0,29.11788,-90.20195,0.0,184.6,70.0,Stopped
2024-01-01 11:10:00,367643990.0,29.11791,-90.20196,0.0,184.6,70.0,Stopped
2024-01-01 11:15:00,367643990.0,29.11788,-90.20198,0.0,184.6,70.0,Stopped
2024-01-01 11:20:00,367643990.0,29.11789,-90.20197,0.0,184.6,70.0,Stopped
2024-01-01 11:30:00,367643990.0,29.11789,-90.20196,0.0,184.6,70.0,Stopped
2024-01-01 11:35:00,367643990.0,29.11788,-90.20196,0.0,184.6,70.0,Stopped
2024-01-01 11:40:00,367643990.0,29.11789,-90.20195,0.0,184.6,70.0,Stopped
2024-01-01 11:45:00,367643990.0,29.11787,-90.20197,0.0,184.6,70.0,Stopped
2024-01-01 11:50:00,367643990.0,29.11789,-90.20198,0.0,184.6,70.0,Stopped
2024-01-01 11:55:00,367643990.0,29.11803,-90.20169,0.5,67.7,70.0,Stopped
2024-01-01 12:30:00,367643990.0,29.11803,-90.20155,0.0,106.1,70.0,Stopped
2024-01-01 12:40:00,367643990.0,29.11803,-90.20156,0.0,106.1,70.0,Stopped
2024-01-01 13:00:00,367643990.0,29.11801,-90.20155,0.0,106.1,70.0,Stopped
2024-01-01 14:15:00,367643990.0,29.11804,-90.20155,0.0,106.1,70.0,Stopped
2024-01-01 15:40:00,367643990.0,29.11804,-90.20153,0.0,106.1,70.0,Stopped
2024-01-01 16:05:00,367643990.0,29.11801,-90.20156,0.0,106.1,70.0,Stopped
2024-01-01 16:40:00,367643990.0,29.11802,-90.20154,0.0,106.1,70.0,Stopped
2024-01-01 16:50:00,367643990.0,29.11804,-90.20154,0.0,106.1,70.0,Stopped
2024-01-01 17:00:00,367643990.0,29.118,-90.20154,0.0,106.1,70.0,Stopped
2024-01-01 17:05:00,367643990.0,29.118,-90.20153,0.0,106.1,70.0,Stopped
2024-01-01 17:10:00,367643990.0,29.11805,-90.20151,0.0,106.1,70.0,Stopped
2024-01-01 17:15:00,367643990.0,29.11802,-90.20155,0.0,106.1,70.0,Stopped
2024-01-01 17:30:00,367643990.0,29.11801,-90.20151,0.0,106.1,70.0,Stopped
2024-01-01 17:45:00,367643990.0,29.11801,-90.20152,0.0,106.1,70.0,Stopped
2024-01-01 18:05:00,367643990.0,29.11802,-90.20152,0.0,106.1,70.0,Stopped
2024-01-01 18:15:00,367643990.0,29.11803,-90.20154,0.0,106.1,70.0,Stopped
2024-01-01 18:35:00,367643990.0,29.11802,-90.20153,0.0,106.1,70.0,Stopped
2024-01-01 18:40:00,367643990.0,29.11801,-90.20153,0.0,106.1,70.0,Stopped
2024-01-01 18:45:00,367643990.0,29.11806,-90.20152,0.0,106.1,70.0,Stopped
2024-01-01 18:50:00,367643990.0,29.11804,-90.20152,0.0,106.1,70.0,Stopped
2024-01-01 18:55:00,367643990.0,29.11801,-90.20154,0.0,106.1,70.0,Stopped
2024-01-01 19:00:00,367643990.0,29.11802,-90.20151,0.0,106.1,70.0,Stopped
2024-01-01 19:05:00,367643990.0,29.11799,-90.20154,0.0,106.1,70.0,Stopped
2024-01-01 19:10:00,367643990.0,29.11803,-90.20153,0.1,106.1,70.0,Stopped
2024-01-01 19:15:00,367643990.0,29.11808,-90.20185,0.8,267.3,70.0,Stopped
2024-01-01 19:20:00,367643990.0,29.11823,-90.20253,0.0,176.8,70.0,Stopped
2024-01-01 19:25:00,367643990.0,29.11821,-90.20258,0.0,223.3,70.0,Stopped
2024-01-01 19:30:00,367643990.0,29.11819,-90.20255,0.0,223.3,70.0,Stopped
2024-01-01 19:35:00,367643990.0,29.1182,-90.20253,0.0,223.3,70.0,Stopped
2024-01-01 19:45:00,367643990.0,29.1182,-90.20255,0.0,223.3,70.0,Stopped
2024-01-01 19:50:00,367643990.0,29.11818,-90.20256,0.0,223.3,70.0,Stopped
2024-01-01 19:55:00,367643990.0,29.11818,-90.20258,0.0,223.3,70.0,Stopped
2024-01-01 20:05:00,367643990.0,29.1182,-90.20257,0.0,223.3,70.0,Stopped
2024-01-01 20:20:00,367643990.0,29.11817,-90.2026,0.0,223.3,70.0,Stopped
2024-01-01 20:25:00,367643990.0,29.1182,-90.20256,0.0,223.3,70.0,Stopped
2024-01-01 20:35:00,367643990.0,29.11818,-90.20257,0.0,223.3,70.0,Stopped
2024-01-01 20:50:00,367643990.0,29.11818,-90.20259,0.0,223.3,70.0,Stopped
2024-01-01 21:15:00,367643990.0,29.11818,-90.2026,0.0,223.3,70.0,Stopped
2024-01-01 21:20:00,367643990.0,29.11817,-90.20258,0.0,223.3,70.0,Stopped
2024-01-01 21:40:00,367643990.0,29.11819,-90.20259,0.0,223.3,70.0,Stopped
2024-01-01 21:45:00,367643990.0,29.11819,-90.20258,0.0,223.3,70.0,Stopped
2024-01-01 21:55:00,367643990.0,29.11819,-90.2026,0.0,223.3,70.0,Stopped
2024-01-01 22:00:00,367643990.0,29.1182,-90.2026,0.0,223.3,70.0,Stopped
2024-01-01 22:05:00,367643990.0,29.1182,-90.20258,0.0,223.3,70.0,Stopped
2024-01-01 22:10:00,367643990.0,29.11821,-90.20259,0.0,223.3,70.0,Stopped
2024-01-01 22:20:00,367643990.0,29.1182,-90.20259,0.0,223.3,70.0,Stopped
2024-01-01 22:25:00,367643990.0,29.1184,-90.20215,0.8,43.0,70.0,Stopped
2024-01-01 22:30:00,367643990.0,29.1214,-90.20285,4.5,336.8,70.0,Slow
2024-01-01 22:35:00,367643990.0,29.12124,-90.21185,5.6,236.4,70.0,Slow
2024-01-01 22:40:00,367643990.0,29.1149,-90.21035,5.8,147.2,70.0,Slow
2024-01-01 22:45:00,367643990.0,29.10895,-90.20988,5.7,229.1,70.0,Slow
2024-01-01 22:50:00,367643990.0,29.10327,-90.21835,6.1,227.4,70.0,Slow
2024-01-01 22:55:00,367643990.0,29.09609,-90.22331,7.6,201.5,70.0,Slow
2024-01-01 23:00:00,367643990.0,29.08116,-90.22782,7.9,193.9,70.0,Slow
2024-01-01 23:05:00,367643990.0,29.07426,-90.22963,8.9,194.4,70.0,Slow
2024-01-01 23:10:00,367643990.0,29.06481,-90.22503,9.4,107.7,70.0,Slow
2024-01-01 23:15:00,367643990.0,29.05894,-90.20935,9.8,113.1,70.0,Slow
2024-01-01 23:20:00,367643990.0,29.05342,-90.195,9.9,113.0,70.0,Slow
2024-01-01 23:25:00,367643990.0,29.04879,-90.18302,9.9,114.0,70.0,Slow
2024-01-01 23:30:00,367643990.0,29.0435,-90.16917,9.9,112.9,70.0,Slow
2024-01-01 23:35:00,367643990.0,29.03777,-90.15296,9.9,111.6,70.0,Slow
2024-01-01 23:40:00,367643990.0,29.03292,-90.13931,10.0,111.8,70.0,Slow
2024-01-01 23:45:00,367643990.0,29.02708,-90.12302,10.0,112.1,70.0,Slow
2024-01-01 23:50:00,367643990.0,29.02208,-90.10936,10.0,112.1,70.0,Slow
2024-01-01 23:55:00,367643990.0,29.0164,-90.09299,10.0,109.7,70.0,Slow
2024-01-01 00:10:00,367749030.0,27.73993,-82.69567,0.0,342.0,36.0,Stopped
2024-01-01 03:50:00,367749030.0,27.73992,-82.69565,0.0,342.0,36.0,Stopped
2024-01-01 05:50:00,367749030.0,27.73986,-82.69565,0.0,342.0,36.0,Stopped
2024-01-01 05:55:00,367749030.0,27.73987,-82.69568,0.0,342.0,36.0,Stopped
2024-01-01 07:55:00,367749030.0,27.73986,-82.69563,0.0,342.0,36.0,Stopped
2024-01-01 08:15:00,367749030.0,27.73985,-82.69569,0.0,342.0,36.0,Stopped
2024-01-01 09:10:00,367749030.0,27.73989,-82.69562,0.0,342.0,36.0,Stopped
2024-01-01 09:40:00,367749030.0,27.73988,-82.69567,0.0,342.0,36.0,Stopped
2024-01-01 10:15:00,367749030.0,27.73994,-82.69566,0.0,342.0,36.0,Stopped
2024-01-01 10:25:00,367749030.0,27.73988,-82.69562,0.0,342.0,36.0,Stopped
2024-01-01 10:35:00,367749030.0,27.73996,-82.6957,0.1,342.0,36.0,Stopped
2024-01-01 11:05:00,367749030.0,27.73992,-82.69564,0.0,342.0,36.0,Stopped
2024-01-01 14:35:00,367749030.0,27.73991,-82.69562,0.0,342.0,36.0,Stopped
2024-01-01 14:40:00,367749030.0,27.73991,-82.69563,0.0,342.0,36.0,Stopped
2024-01-01 14:45:00,367749030.0,27.7399,-82.69562,0.0,342.0,36.0,Stopped
2024-01-01 15:40:00,367749030.0,27.73992,-82.69566,0.0,342.0,36.0,Stopped
2024-01-01 16:20:00,367749030.0,27.7399,-82.69567,0.0,342.0,36.0,Stopped
2024-01-01 16:25:00,367749030.0,27.73991,-82.69566,0.0,342.0,36.0,Stopped
2024-01-01 16:40:00,367749030.0,27.73988,-82.69566,0.0,342.0,36.0,Stopped
2024-01-01 17:00:00,367749030.0,27.73985,-82.69561,0.0,342.0,36.0,Stopped
2024-01-01 17:10:00,367749030.0,27.73984,-82.6956,0.0,342.0,36.0,Stopped
2024-01-01 17:40:00,367749030.0,27.73987,-82.69563,0.0,342.0,36.0,Stopped
2024-01-01 18:45:00,367749030.0,27.73988,-82.69561,0.0,342.0,36.0,Stopped
2024-01-01 19:00:00,367749030.0,27.73986,-82.69564,0.0,342.0,36.0,Stopped
2024-01-01 19:15:00,367749030.0,27.73989,-82.69567,0.0,342.0,36.0,Stopped
2024-01-01 19:25:00,367749030.0,27.73992,-82.69563,0.0,342.0,36.0,Stopped
2024-01-01 19:55:00,367749030.0,27.73989,-82.69561,0.0,342.0,36.0,Stopped
2024-01-01 20:00:00,367749030.0,27.73988,-82.69563,0.0,342.0,36.0,Stopped
2024-01-01 20:25:00,367749030.0,27.73989,-82.69563,0.0,342.0,36.0,Stopped
2024-01-01 20:45:00,367749030.0,27.73991,-82.69564,0.0,342.0,36.0,Stopped
2024-01-01 21:05:00,367749030.0,27.73987,-82.69565,0.0,342.0,36.0,Stopped
2024-01-01 21:20:00,367749030.0,27.73987,-82.69566,0.0,342.0,36.0,Stopped
2024-01-01 22:00:00,367749030.0,27.73987,-82.69561,0.0,342.0,36.0,Stopped
2024-01-01 22:05:00,367749030.0,27.73987,-82.69564,0.0,342.0,36.0,Stopped
2024-01-01 22:25:00,367749030.0,27.73988,-82.69564,0.0,342.0,36.0,Stopped
2024-01-01 22:35:00,367749030.0,27.73991,-82.69565,0.0,342.0,36.0,Stopped
2024-01-01 22:45:00,367749030.0,27.73991,-82.69567,0.0,342.0,36.0,Stopped
2024-01-01 22:55:00,367749030.0,27.73986,-82.69566,0.0,342.0,36.0,Stopped
2024-01-01 23:00:00,367749030.0,27.73988,-82.69565,0.0,342.0,36.0,Stopped
2024-01-01 23:05:00,367749030.0,27.73989,-82.69566,0.0,342.0,36.0,Stopped
2024-01-01 23:20:00,367749030.0,27.73989,-82.69565,0.0,342.0,36.0,Stopped
2024-01-01 23:25:00,367749030.0,27.7399,-82.69564,0.0,342.0,36.0,Stopped
2024-01-01 23:35:00,367749030.0,27.7399,-82.69566,0.0,342.0,36.0,Stopped
2024-01-01 23:45:00,367749030.0,27.7399,-82.69565,0.0,342.0,36.0,Stopped
2024-01-01 23:50:00,367749030.0,27.7399,-82.69563,0.0,342.0,36.0,Stopped
2024-01-01 23:55:00,367749030.0,27.73989,-82.69564,0.0,342.0,36.0,Stopped
2024-01-01 00:10:00,368057440.0,27.49982,-82.57313,0.0,360.0,37.0,Stopped
2024-01-01 00:30:00,368057440.0,27.49977,-82.57315,0.0,360.0,37.0,Stopped
2024-01-01 00:35:00,368057440.0,27.49974,-82.57314,0.0,360.0,37.0,Stopped
2024-01-01 00:45:00,368057440.0,27.49975,-82.57313,0.0,360.0,37.0,Stopped
2024-01-01 01:40:00,368057440.0,27.49977,-82.57314,0.0,360.0,37.0,Stopped
2024-01-01 03:40:00,368057440.0,27.49983,-82.57313,0.0,360.0,37.0,Stopped
2024-01-01 05:15:00,368057440.0,27.49979,-82.57307,0.0,360.0,37.0,Stopped
2024-01-01 06:40:00,368057440.0,27.4998,-82.57303,0.0,360.0,37.0,Stopped
2024-01-01 07:15:00,368057440.0,27.49984,-82.5731,0.0,360.0,37.0,Stopped
2024-01-01 07:35:00,368057440.0,27.49978,-82.57314,0.0,360.0,37.0,Stopped
2024-01-01 08:00:00,368057440.0,27.49983,-82.57309,0.0,360.0,37.0,Stopped
2024-01-01 08:25:00,368057440.0,27.49982,-82.57311,0.0,360.0,37.0,Stopped
2024-01-01 08:55:00,368057440.0,27.49979,-82.57313,0.0,360.0,37.0,Stopped
2024-01-01 09:40:00,368057440.0,27.49978,-82.57308,0.0,360.0,37.0,Stopped
2024-01-01 10:05:00,368057440.0,27.49975,-82.57308,0.0,360.0,37.0,Stopped
2024-01-01 10:40:00,368057440.0,27.49976,-82.57308,0.0,360.0,37.0,Stopped
2024-01-01 10:55:00,368057440.0,27.49981,-82.57312,0.0,360.0,37.0,Stopped
2024-01-01 11:25:00,368057440.0,27.49981,-82.57308,0.0,360.0,37.0,Stopped
2024-01-01 12:05:00,368057440.0,27.4998,-82.57308,0.0,360.0,37.0,Stopped
2024-01-01 12:40:00,368057440.0,27.49977,-82.57312,0.0,360.0,37.0,Stopped
2024-01-01 13:00:00,368057440.0,27.49982,-82.57312,0.0,360.0,37.0,Stopped
2024-01-01 13:20:00,368057440.0,27.49974,-82.5731,0.0,360.0,37.0,Stopped
2024-01-01 13:55:00,368057440.0,27.49983,-82.57311,0.0,360.0,37.0,Stopped
2024-01-01 14:15:00,368057440.0,27.49981,-82.57307,0.0,360.0,37.0,Stopped
2024-01-01 14:20:00,368057440.0,27.49977,-82.57313,0.0,360.0,37.0,Stopped
2024-01-01 14:50:00,368057440.0,27.49978,-82.57313,0.0,360.0,37.0,Stopped
2024-01-01 15:05:00,368057440.0,27.49979,-82.5731,0.0,360.0,37.0,Stopped
2024-01-01 15:20:00,368057440.0,27.49984,-82.57311,0.0,360.0,37.0,Stopped
2024-01-01 16:15:00,368057440.0,27.49979,-82.57311,0.0,360.0,37.0,Stopped
2024-01-01 16:30:00,368057440.0,27.49976,-82.57307,0.0,360.0,37.0,Stopped
2024-01-01 16:45:00,368057440.0,27.49976,-82.57311,0.0,360.0,37.0,Stopped
2024-01-01 16:50:00,368057440.0,27.49979,-82.57312,0.0,360.0,37.0,Stopped
2024-01-01 17:00:00,368057440.0,27.49979,-82.57308,0.0,360.0,37.0,Stopped
2024-01-01 17:05:00,368057440.0,27.49975,-82.57309,0.0,360.0,37.0,Stopped
2024-01-01 17:10:00,368057440.0,27.49976,-82.57309,0.0,360.0,37.0,Stopped
2024-01-01 17:20:00,368057440.0,27.4998,-82.57314,0.0,360.0,37.0,Stopped
2024-01-01 17:30:00,368057440.0,27.49975,-82.57307,0.0,360.0,37.0,Stopped
2024-01-01 17:35:00,368057440.0,27.49977,-82.57311,0.0,360.0,37.0,Stopped
2024-01-01 17:45:00,368057440.0,27.4998,-82.57313,0.0,360.0,37.0,Stopped
2024-01-01 19:30:00,368057440.0,27.4998,-82.57315,0.0,360.0,37.0,Stopped
2024-01-01 19:45:00,368057440.0,27.49981,-82.57313,0.0,360.0,37.0,Stopped
2024-01-01 20:05:00,368057440.0,27.49981,-82.57311,0.0,360.0,37.0,Stopped
2024-01-01 20:15:00,368057440.0,27.49981,-82.5731,0.0,360.0,37.0,Stopped
2024-01-01 20:20:00,368057440.0,27.4998,-82.57307,0.0,360.0,37.0,Stopped
2024-01-01 20:30:00,368057440.0,27.49977,-82.57309,0.0,360.0,37.0,Stopped
2024-01-01 20:40:00,368057440.0,27.49983,-82.57308,0.0,360.0,37.0,Stopped
2024-01-01 21:05:00,368057440.0,27.49977,-82.5731,0.0,360.0,37.0,Stopped
2024-01-01 21:10:00,368057440.0,27.49979,-82.57305,0.0,360.0,37.0,Stopped
2024-01-01 21:15:00,368057440.0,27.49983,-82.57312,0.0,360.0,37.0,Stopped
2024-01-01 21:30:00,368057440.0,27.4998,-82.57311,0.0,360.0,37.0,Stopped
2024-01-01 21:45:00,368057440.0,27.4998,-82.57312,0.0,360.0,37.0,Stopped
2024-01-01 21:50:00,368057440.0,27.49982,-82.5731,0.0,360.0,37.0,Stopped
2024-01-01 22:10:00,368057440.0,27.49982,-82.57309,0.0,360.0,37.0,Stopped
2024-01-01 22:15:00,368057440.0,27.49978,-82.57312,0.0,360.0,37.0,Stopped
2024-01-01 22:20:00,368057440.0,27.49977,-82.57308,0.0,360.0,37.0,Stopped
2024-01-01 22:40:00,368057440.0,27.49981,-82.57309,0.0,360.0,37.0,Stopped
2024-01-01 22:50:00,368057440.0,27.49975,-82.5731,0.0,360.0,37.0,Stopped
2024-01-01 22:55:00,368057440.0,27.4998,-82.57309,0.0,360.0,37.0,Stopped
2024-01-01 23:00:00,368057440.0,27.49977,-82.57307,0.0,360.0,37.0,Stopped
2024-01-01 23:05:00,368057440.0,27.49979,-82.57309,0.0,360.0,37.0,Stopped
2024-01-01 23:15:00,368057440.0,27.49976,-82.5731,0.0,360.0,37.0,Stopped
2024-01-01 23:20:00,368057440.0,27.49978,-82.5731,0.0,360.0,37.0,Stopped
2024-01-01 23:35:00,368057440.0,27.49978,-82.57311,0.0,360.0,37.0,Stopped
2024-01-01 23:40:00,368057440.0,27.4998,-82.5731,0.0,360.0,37.0,Stopped
2024-01-01 23:45:00,368057440.0,27.49978,-82.57309,0.0,360.0,37.0,Stopped
2024-01-01 23:55:00,368057440.0,27.49979,-82.57314,0.0,360.0,37.0,Stopped
2024-01-01 00:25:00,368081240.0,27.78406,-82.76408,0.0,360.0,37.0,Stopped
2024-01-01 03:00:00,368081240.0,27.78404,-82.76406,0.0,360.0,37.0,Stopped
2024-01-01 08:45:00,368081240.0,27.78407,-82.76407,0.0,360.0,37.0,Stopped
2024-01-01 09:00:00,368081240.0,27.78405,-82.76408,0.0,360.0,37.0,Stopped
2024-01-01 10:10:00,368081240.0,27.78403,-82.76404,0.0,360.0,37.0,Stopped
2024-01-01 10:40:00,368081240.0,27.78403,-82.76405,0.0,360.0,37.0,Stopped
2024-01-01 11:45:00,368081240.0,27.78406,-82.76406,0.0,360.0,37.0,Stopped
2024-01-01 13:30:00,368081240.0,27.78403,-82.76402,0.0,360.0,37.0,Stopped
2024-01-01 13:45:00,368081240.0,27.78404,-82.76401,0.0,360.0,37.0,Stopped
2024-01-01 13:55:00,368081240.0,27.78403,-82.76401,0.0,360.0,37.0,Stopped
2024-01-01 14:35:00,368081240.0,27.78407,-82.76406,0.0,360.0,37.0,Stopped
2024-01-01 16:15:00,368081240.0,27.78408,-82.76402,0.0,360.0,37.0,Stopped
2024-01-01 16:25:00,368081240.0,27.78406,-82.76403,0.0,360.0,37.0,Stopped
2024-01-01 17:15:00,368081240.0,27.78407,-82.76405,0.0,360.0,37.0,Stopped
2024-01-01 19:35:00,368081240.0,27.78407,-82.76402,0.0,360.0,37.0,Stopped
2024-01-01 19:40:00,368081240.0,27.78405,-82.76401,0.0,360.0,37.0,Stopped
2024-01-01 20:25:00,368081240.0,27.78408,-82.76404,0.0,360.0,37.0,Stopped
2024-01-01 20:35:00,368081240.0,27.78405,-82.76406,0.0,360.0,37.0,Stopped
2024-01-01 21:00:00,368081240.0,27.78409,-82.76406,0.0,360.0,37.0,Stopped
2024-01-01 21:05:00,368081240.0,27.78406,-82.76407,0.0,360.0,37.0,Stopped
2024-01-01 21:10:00,368081240.0,27.78408,-82.76407,0.0,360.0,37.0,Stopped
2024-01-01 21:15:00,368081240.0,27.78407,-82.76403,0.0,360.0,37.0,Stopped
2024-01-01 21:20:00,368081240.0,27.78405,-82.76402,0.0,360.0,37.0,Stopped
2024-01-01 21:25:00,368081240.0,27.78408,-82.76405,0.0,360.0,37.0,Stopped
2024-01-01 22:00:00,368081240.0,27.78404,-82.76405,0.0,360.0,37.0,Stopped
2024-01-01 22:25:00,368081240.0,27.78404,-82.76404,0.0,360.0,37.0,Stopped
2024-01-01 22:30:00,368081240.0,27.78403,-82.76403,0.0,360.0,37.0,Stopped
2024-01-01 22:45:00,368081240.0,27.78406,-82.76402,0.0,360.0,37.0,Stopped
2024-01-01 22:50:00,368081240.0,27.78404,-82.76402,0.0,360.0,37.0,Stopped
2024-01-01 23:00:00,368081240.0,27.78404,-82.76403,0.0,360.0,37.0,Stopped
2024-01-01 23:10:00,368081240.0,27.78407,-82.76404,0.0,360.0,37.0,Stopped
2024-01-01 23:25:00,368081240.0,27.78406,-82.76405,0.0,360.0,37.0,Stopped
2024-01-01 23:30:00,368081240.0,27.78405,-82.76405,0.0,360.0,37.0,Stopped
2024-01-01 23:40:00,368081240.0,27.78405,-82.76404,0.0,360.0,37.0,Stopped
2024-01-01 23:45:00,368081240.0,27.78405,-82.76403,0.0,360.0,37.0,Stopped
2024-01-01 23:55:00,368081240.0,27.78406,-82.76404,0.0,360.0,37.0,Stopped
2024-01-01 06:25:00,369139000.0,29.1397,-90.21284,0.0,332.0,90.0,Stopped
2024-01-01 12:10:00,369139000.0,29.13971,-90.21284,0.0,9.0,90.0,Stopped
2024-01-01 14:55:00,369139000.0,29.13972,-90.21282,0.0,180.0,90.0,Stopped
2024-01-01 15:50:00,369139000.0,29.13972,-90.21283,0.0,14.0,90.0,Stopped
2024-01-01 17:20:00,369139000.0,29.13969,-90.21281,0.1,164.0,90.0,Stopped
2024-01-01 17:50:00,369139000.0,29.13971,-90.21283,0.0,241.0,90.0,Stopped
2024-01-01 18:05:00,369139000.0,29.13971,-90.21282,0.0,201.0,90.0,Stopped
2024-01-01 19:55:00,369139000.0,29.13971,-90.21281,0.0,34.0,90.0,Stopped
2024-01-01 20:55:00,369139000.0,29.1397,-90.21283,0.0,270.0,90.0,Stopped
2024-01-01 22:30:00,369139000.0,29.13969,-90.21282,0.0,182.0,90.0,Stopped
2024-01-01 23:20:00,369139000.0,29.1397,-90.21282,0.0,119.0,90.0,Stopped
2024-01-01 23:50:00,369139000.0,29.1397,-90.21281,0.0,228.0,90.0,Stopped
2024-01-01 00:55:00,477131900.0,29.30824,-94.82407,0.0,180.1,89.0,Stopped
2024-01-01 07:30:00,477131900.0,29.30824,-94.82408,0.1,143.7,89.0,Stopped
2024-01-01 08:10:00,477131900.0,29.30821,-94.82402,0.1,156.9,89.0,Stopped
2024-01-01 09:55:00,477131900.0,29.30819,-94.82402,0.1,147.5,89.0,Stopped
2024-01-01 10:05:00,477131900.0,29.30823,-94.82401,0.1,147.9,89.0,Stopped
2024-01-01 10:25:00,477131900.0,29.30823,-94.82407,0.1,149.1,89.0,Stopped
2024-01-01 11:00:00,477131900.0,29.30823,-94.824,0.0,138.7,89.0,Stopped
2024-01-01 11:05:00,477131900.0,29.30824,-94.82406,0.0,138.7,89.0,Stopped
2024-01-01 11:40:00,477131900.0,29.3082,-94.82402,0.0,138.7,89.0,Stopped
2024-01-01 11:50:00,477131900.0,29.30819,-94.82405,0.0,138.7,89.0,Stopped
2024-01-01 12:40:00,477131900.0,29.30819,-94.82408,0.0,138.7,89.0,Stopped
2024-01-01 13:40:00,477131900.0,29.30826,-94.82405,0.1,188.3,89.0,Stopped
2024-01-01 13:45:00,477131900.0,29.30825,-94.82403,0.0,185.7,89.0,Stopped
2024-01-01 14:40:00,477131900.0,29.30823,-94.82406,0.0,213.6,89.0,Stopped
2024-01-01 14:45:00,477131900.0,29.30822,-94.82402,0.0,213.6,89.0,Stopped
2024-01-01 15:45:00,477131900.0,29.30821,-94.82407,0.0,235.3,89.0,Stopped
2024-01-01 15:50:00,477131900.0,29.3082,-94.82405,0.0,235.3,89.0,Stopped
2024-01-01 16:05:00,477131900.0,29.3082,-94.82406,0.0,192.1,89.0,Stopped
2024-01-01 16:15:00,477131900.0,29.3082,-94.82404,0.1,188.1,89.0,Stopped
2024-01-01 16:40:00,477131900.0,29.30824,-94.82405,0.1,168.6,89.0,Stopped
2024-01-01 17:00:00,477131900.0,29.30825,-94.82406,0.0,179.1,89.0,Stopped
2024-01-01 17:05:00,477131900.0,29.30826,-94.82408,0.0,180.0,89.0,Stopped
2024-01-01 18:05:00,477131900.0,29.30825,-94.82405,0.0,142.4,89.0,Stopped
2024-01-01 18:10:00,477131900.0,29.30826,-94.82406,0.0,142.4,89.0,Stopped
2024-01-01 18:35:00,477131900.0,29.30821,-94.82408,0.0,142.4,89.0,Stopped
2024-01-01 18:55:00,477131900.0,29.30823,-94.82403,0.0,142.4,89.0,Stopped
2024-01-01 19:00:00,477131900.0,29.30823,-94.82402,0.1,177.6,89.0,Stopped
2024-01-01 19:20:00,477131900.0,29.30817,-94.82406,0.1,132.9,89.0,Stopped
2024-01-01 19:40:00,477131900.0,29.30816,-94.82408,0.0,193.2,89.0,Stopped
2024-01-01 20:05:00,477131900.0,29.30825,-94.82402,0.0,192.0,89.0,Stopped
2024-01-01 20:10:00,477131900.0,29.30824,-94.82402,0.1,172.8,89.0,Stopped
2024-01-01 20:25:00,477131900.0,29.30825,-94.82401,0.0,166.3,89.0,Stopped
2024-01-01 20:35:00,477131900.0,29.30822,-94.82401,0.0,154.8,89.0,Stopped
2024-01-01 21:10:00,477131900.0,29.30823,-94.82404,0.0,154.8,89.0,Stopped
2024-01-01 21:20:00,477131900.0,29.30826,-94.82403,0.0,154.8,89.0,Stopped
2024-01-01 21:45:00,477131900.0,29.30822,-94.82403,0.1,58.3,89.0,Stopped
2024-01-01 21:50:00,477131900.0,29.30821,-94.82405,0.1,104.6,89.0,Stopped
2024-01-01 22:15:00,477131900.0,29.30819,-94.82404,0.0,149.0,89.0,Stopped
2024-01-01 22:25:00,477131900.0,29.30825,-94.82404,0.0,145.5,89.0,Stopped
2024-01-01 22:45:00,477131900.0,29.30819,-94.82403,0.0,156.8,89.0,Stopped
2024-01-01 22:50:00,477131900.0,29.30824,-94.82403,0.0,163.0,89.0,Stopped
2024-01-01 22:55:00,477131900.0,29.30822,-94.82404,0.0,167.4,89.0,Stopped
2024-01-01 23:05:00,477131900.0,29.30824,-94.82404,0.0,189.7,89.0,Stopped
2024-01-01 23:10:00,477131900.0,29.30822,-94.82406,0.0,189.7,89.0,Stopped
2024-01-01 23:15:00,477131900.0,29.3082,-94.82403,0.0,189.7,89.0,Stopped
2024-01-01 23:20:00,477131900.0,29.30821,-94.82404,0.0,189.7,89.0,Stopped
2024-01-01 23:30:00,477131900.0,29.30822,-94.82405,0.0,224.5,89.0,Stopped
2024-01-01 23:35:00,477131900.0,29.30819,-94.82401,0.0,224.5,89.0,Stopped
2024-01-01 23:45:00,477131900.0,29.30821,-94.82403,0.0,169.5,89.0,Stopped
2024-01-01 23:50:00,477131900.0,29.30823,-94.82405,0.0,169.5,89.0,Stopped
2024-01-01 23:55:00,477131900.0,29.30821,-94.82406,0.0,169.5,89.0,Stopped
2024-01-01 00:15:00,477636500.0,26.93451,-95.50947,13.9,52.2,82.0,Cruising
2024-01-01 00:35:00,477636500.0,26.97954,-95.44394,13.9,53.6,82.0,Cruising
2024-01-01 02:45:00,477636500.0,27.29647,-95.01489,13.4,52.3,82.0,Cruising
2024-01-01 02:50:00,477636500.0,27.3077,-94.99847,13.1,53.0,82.0,Cruising
2024-01-01 03:05:00,477636500.0,27.33197,-94.95872,2.9,106.7,82.0,Slow
2024-01-01 03:30:00,477636500.0,27.35172,-94.92286,11.8,50.9,82.0,Cruising
2024-01-01 03:40:00,477636500.0,27.36831,-94.89976,12.3,54.7,82.0,Cruising
2024-01-01 03:45:00,477636500.0,27.38565,-94.87221,12.9,54.8,82.0,Cruising
2024-01-01 03:50:00,477636500.0,27.39257,-94.86104,13.0,55.4,82.0,Cruising
2024-01-01 04:40:00,477636500.0,27.51245,-94.68279,13.9,51.9,82.0,Cruising
2024-01-01 04:50:00,477636500.0,27.53589,-94.6492,14.0,51.9,82.0,Cruising
2024-01-01 05:20:00,477636500.0,27.609,-94.54418,14.4,51.3,82.0,Cruising
2024-01-01 05:30:00,477636500.0,27.63296,-94.51044,14.3,51.4,82.0,Cruising
2024-01-01 05:40:00,477636500.0,27.65622,-94.48963,13.8,16.9,82.0,Cruising
2024-01-01 06:20:00,477636500.0,27.80536,-94.45601,13.9,357.5,82.0,Cruising
2024-01-01 06:45:00,477636500.0,27.90962,-94.4578,13.9,8.7,82.0,Cruising
2024-01-01 06:50:00,477636500.0,27.92509,-94.45343,13.9,16.9,82.0,Cruising
2024-01-01 09:10:00,477636500.0,28.45254,-94.41503,13.8,358.8,82.0,Cruising
2024-01-01 09:20:00,477636500.0,28.50663,-94.41603,13.8,359.2,82.0,Cruising
2024-01-01 09:25:00,477636500.0,28.52318,-94.41613,13.8,0.0,82.0,Cruising
2024-01-01 09:30:00,477636500.0,28.53741,-94.4161,13.8,359.9,82.0,Cruising
2024-01-01 09:35:00,477636500.0,28.55087,-94.41607,13.8,0.1,82.0,Cruising
2024-01-01 09:40:00,477636500.0,28.56822,-94.41598,13.8,0.4,82.0,Cruising
2024-01-01 09:45:00,477636500.0,28.58945,-94.41584,13.9,0.4,82.0,Cruising
2024-01-01 09:50:00,477636500.0,28.6101,-94.41573,13.8,0.1,82.0,Cruising
2024-01-01 09:55:00,477636500.0,28.62609,-94.41569,13.7,0.3,82.0,Cruising
2024-01-01 10:00:00,477636500.0,28.64347,-94.4157,13.8,0.0,82.0,Cruising
2024-01-01 10:05:00,477636500.0,28.66273,-94.41575,13.8,0.2,82.0,Cruising
2024-01-01 10:10:00,477636500.0,28.68316,-94.41574,13.7,0.0,82.0,Cruising
2024-01-01 10:15:00,477636500.0,28.70245,-94.41574,13.7,359.9,82.0,Cruising
2024-01-01 10:20:00,477636500.0,28.72095,-94.41574,13.7,0.2,82.0,Cruising
2024-01-01 10:25:00,477636500.0,28.74445,-94.4167,13.7,356.3,82.0,Cruising
2024-01-01 10:30:00,477636500.0,28.7611,-94.41796,13.7,356.5,82.0,Cruising
2024-01-01 10:35:00,477636500.0,28.77967,-94.4194,13.7,356.1,82.0,Cruising
2024-01-01 10:40:00,477636500.0,28.80121,-94.42106,13.7,356.0,82.0,Cruising
2024-01-01 10:45:00,477636500.0,28.82043,-94.42242,13.7,357.4,82.0,Cruising
2024-01-01 10:50:00,477636500.0,28.83836,-94.42333,13.8,357.8,82.0,Cruising
2024-01-01 10:55:00,477636500.0,28.8563,-94.42384,13.8,359.7,82.0,Cruising
2024-01-01 11:00:00,477636500.0,28.87415,-94.424,13.7,359.4,82.0,Cruising
2024-01-01 11:05:00,477636500.0,28.8967,-94.42387,13.7,1.3,82.0,Cruising
2024-01-01 11:10:00,477636500.0,28.91517,-94.42338,13.7,1.6,82.0,Cruising
2024-01-01 11:15:00,477636500.0,28.93383,-94.42287,13.9,1.3,82.0,Cruising
2024-01-01 11:20:00,477636500.0,28.95122,-94.42235,14.0,1.4,82.0,Cruising
2024-01-01 11:25:00,477636500.0,28.97308,-94.4217,13.9,1.3,82.0,Cruising
2024-01-01 11:30:00,477636500.0,28.99067,-94.42111,13.9,1.5,82.0,Cruising
2024-01-01 11:35:00,477636500.0,29.01217,-94.42042,13.9,1.5,82.0,Cruising
2024-01-01 11:40:00,477636500.0,29.02953,-94.41988,13.9,1.8,82.0,Cruising
2024-01-01 11:45:00,477636500.0,29.04997,-94.4192,13.1,1.7,82.0,Cruising
2024-01-01 11:50:00,477636500.0,29.06696,-94.41869,13.1,1.3,82.0,Cruising
2024-01-01 11:55:00,477636500.0,29.08459,-94.41819,13.0,1.4,82.0,Cruising
2024-01-01 12:00:00,477636500.0,29.10131,-94.41771,12.9,1.2,82.0,Cruising
2024-01-01 12:05:00,477636500.0,29.12282,-94.41646,12.8,2.7,82.0,Cruising
2024-01-01 12:10:00,477636500.0,29.13924,-94.4155,12.7,2.7,82.0,Cruising
2024-01-01 12:15:00,477636500.0,29.15516,-94.41531,12.7,358.8,82.0,Cruising
2024-01-01 12:20:00,477636500.0,29.17361,-94.41804,11.5,317.9,82.0,Cruising
2024-01-01 12:25:00,477636500.0,29.18302,-94.43142,12.1,308.0,82.0,Cruising
2024-01-01 12:30:00,477636500.0,29.19506,-94.44853,11.7,308.3,82.0,Cruising
2024-01-01 12:35:00,477636500.0,29.2041,-94.4615,11.4,308.2,82.0,Cruising
2024-01-01 12:40:00,477636500.0,29.21314,-94.47403,11.3,309.8,82.0,Cruising
2024-01-01 12:45:00,477636500.0,29.22502,-94.48981,11.3,310.3,82.0,Cruising
2024-01-01 12:50:00,477636500.0,29.23468,-94.50241,11.1,310.9,82.0,Cruising
2024-01-01 12:55:00,477636500.0,29.24416,-94.5145,11.0,313.4,82.0,Cruising
2024-01-01 13:00:00,477636500.0,29.25503,-94.52611,11.0,319.1,82.0,Cruising
2024-01-01 13:05:00,477636500.0,29.26838,-94.53943,10.9,316.1,82.0,Cruising
2024-01-01 13:10:00,477636500.0,29.2786,-94.55067,11.0,315.9,82.0,Cruising
2024-01-01 13:15:00,477636500.0,29.28774,-94.56086,9.3,315.1,82.0,Slow
2024-01-01 13:20:00,477636500.0,29.29723,-94.57161,7.3,314.0,82.0,Slow
2024-01-01 13:25:00,477636500.0,29.30338,-94.57746,5.1,322.2,82.0,Slow
2024-01-01 13:30:00,477636500.0,29.30718,-94.58119,2.9,305.3,82.0,Slow
2024-01-01 13:35:00,477636500.0,29.30751,-94.58275,0.4,194.0,82.0,Stopped
2024-01-01 13:40:00,477636500.0,29.3071,-94.58295,0.4,183.7,82.0,Stopped
2024-01-01 13:45:00,477636500.0,29.30647,-94.58273,0.2,184.7,82.0,Stopped
2024-01-01 13:50:00,477636500.0,29.30621,-94.58257,0.2,339.1,82.0,Stopped
2024-01-01 13:55:00,477636500.0,29.30629,-94.58257,0.1,12.1,82.0,Stopped
2024-01-01 14:00:00,477636500.0,29.30617,-94.58264,0.1,319.6,82.0,Stopped
2024-01-01 14:05:00,477636500.0,29.30617,-94.5828,0.1,283.1,82.0,Stopped
2024-01-01 14:10:00,477636500.0,29.3062,-94.58291,0.1,285.8,82.0,Stopped
2024-01-01 14:15:00,477636500.0,29.30624,-94.58315,0.1,293.4,82.0,Stopped
2024-01-01 14:20:00,477636500.0,29.30628,-94.58333,0.1,279.2,82.0,Stopped
2024-01-01 14:25:00,477636500.0,29.30625,-94.58339,0.1,236.5,82.0,Stopped
2024-01-01 14:30:00,477636500.0,29.30623,-94.58353,0.1,317.0,82.0,Stopped
2024-01-01 14:35:00,477636500.0,29.30628,-94.58366,0.1,288.6,82.0,Stopped
2024-01-01 14:40:00,477636500.0,29.3063,-94.58373,0.1,279.0,82.0,Stopped
2024-01-01 14:45:00,477636500.0,29.30628,-94.58383,0.1,276.2,82.0,Stopped
2024-01-01 14:55:00,477636500.0,29.30629,-94.58385,0.0,247.2,82.0,Stopped
2024-01-01 15:00:00,477636500.0,29.3063,-94.58382,0.0,247.2,82.0,Stopped
2024-01-01 15:05:00,477636500.0,29.30629,-94.58377,0.0,111.4,82.0,Stopped
2024-01-01 15:10:00,477636500.0,29.30628,-94.58372,0.1,125.7,82.0,Stopped
2024-01-01 15:15:00,477636500.0,29.30627,-94.58367,0.0,157.2,82.0,Stopped
2024-01-01 15:25:00,477636500.0,29.30624,-94.58366,0.0,218.5,82.0,Stopped
2024-01-01 15:30:00,477636500.0,29.30616,-94.58367,0.0,183.8,82.0,Stopped
2024-01-01 15:35:00,477636500.0,29.30613,-94.58361,0.1,111.8,82.0,Stopped
2024-01-01 15:40:00,477636500.0,29.30617,-94.58356,0.0,73.3,82.0,Stopped
2024-01-01 15:45:00,477636500.0,29.30612,-94.5835,0.0,116.2,82.0,Stopped
2024-01-01 15:50:00,477636500.0,29.3061,-94.58347,0.0,159.9,82.0,Stopped
2024-01-01 15:55:00,477636500.0,29.30609,-94.58347,0.1,224.1,82.0,Stopped
2024-01-01 16:00:00,477636500.0,29.3061,-94.58348,0.0,193.8,82.0,Stopped
2024-01-01 16:05:00,477636500.0,29.30611,-94.58356,0.1,248.0,82.0,Stopped
2024-01-01 16:10:00,477636500.0,29.30613,-94.5836,0.1,213.3,82.0,Stopped
2024-01-01 16:15:00,477636500.0,29.30614,-94.58365,0.1,191.5,82.0,Stopped
2024-01-01 16:20:00,477636500.0,29.30617,-94.58371,0.1,236.8,82.0,Stopped
2024-01-01 16:25:00,477636500.0,29.30619,-94.58377,0.1,247.3,82.0,Stopped
2024-01-01 16:30:00,477636500.0,29.30622,-94.58386,0.1,200.3,82.0,Stopped
2024-01-01 16:35:00,477636500.0,29.30624,-94.58392,0.1,183.7,82.0,Stopped
2024-01-01 16:40:00,477636500.0,29.30625,-94.58395,0.1,194.9,82.0,Stopped
2024-01-01 16:50:00,477636500.0,29.30629,-94.58397,0.1,151.8,82.0,Stopped
2024-01-01 17:00:00,477636500.0,29.30629,-94.58394,0.0,145.1,82.0,Stopped
2024-01-01 17:05:00,477636500.0,29.30634,-94.58397,0.1,111.6,82.0,Stopped
2024-01-01 17:10:00,477636500.0,29.30632,-94.58396,0.1,176.5,82.0,Stopped
2024-01-01 17:15:00,477636500.0,29.30631,-94.58392,0.0,126.6,82.0,Stopped
2024-01-01 17:20:00,477636500.0,29.30625,-94.58398,0.0,188.7,82.0,Stopped
2024-01-01 17:25:00,477636500.0,29.30627,-94.58396,0.0,22.3,82.0,Stopped
2024-01-01 17:30:00,477636500.0,29.30624,-94.58398,0.0,205.9,82.0,Stopped
2024-01-01 17:35:00,477636500.0,29.30629,-94.58398,0.0,205.9,82.0,Stopped
2024-01-01 17:40:00,477636500.0,29.30631,-94.58402,0.0,205.9,82.0,Stopped
2024-01-01 17:45:00,477636500.0,29.30633,-94.58404,0.0,205.9,82.0,Stopped
2024-01-01 17:50:00,477636500.0,29.30637,-94.58407,0.0,205.9,82.0,Stopped
2024-01-01 17:55:00,477636500.0,29.3064,-94.58411,0.0,205.9,82.0,Stopped
2024-01-01 18:00:00,477636500.0,29.3064,-94.58413,0.0,301.8,82.0,Stopped
2024-01-01 18:05:00,477636500.0,29.30645,-94.5842,0.1,316.1,82.0,Stopped
2024-01-01 18:10:00,477636500.0,29.30647,-94.58425,0.1,309.7,82.0,Stopped
2024-01-01 18:15:00,477636500.0,29.3065,-94.58428,0.0,291.7,82.0,Stopped
2024-01-01 18:20:00,477636500.0,29.30654,-94.58432,0.0,340.4,82.0,Stopped
2024-01-01 18:25:00,477636500.0,29.30658,-94.58433,0.0,4.3,82.0,Stopped
2024-01-01 18:30:00,477636500.0,29.3066,-94.58436,0.0,346.9,82.0,Stopped
2024-01-01 18:35:00,477636500.0,29.30663,-94.58433,0.0,346.9,82.0,Stopped
2024-01-01 18:40:00,477636500.0,29.30663,-94.58431,0.0,149.2,82.0,Stopped
2024-01-01 18:45:00,477636500.0,29.30658,-94.58429,0.0,122.9,82.0,Stopped
2024-01-01 18:50:00,477636500.0,29.3066,-94.58432,0.0,122.9,82.0,Stopped
2024-01-01 18:55:00,477636500.0,29.30663,-94.58432,0.0,122.9,82.0,Stopped
2024-01-01 19:00:00,477636500.0,29.30668,-94.5844,0.0,351.1,82.0,Stopped
2024-01-01 19:05:00,477636500.0,29.30677,-94.58443,0.1,11.4,82.0,Stopped
2024-01-01 19:10:00,477636500.0,29.30683,-94.5844,0.1,219.5,82.0,Stopped
2024-01-01 19:15:00,477636500.0,29.30688,-94.58436,0.2,77.0,82.0,Stopped
2024-01-01 19:20:00,477636500.0,29.30727,-94.58411,0.7,3.4,82.0,Stopped
2024-01-01 19:25:00,477636500.0,29.30781,-94.58425,0.6,334.3,82.0,Stopped
2024-01-01 19:30:00,477636500.0,29.30849,-94.58315,2.2,102.5,82.0,Slow
2024-01-01 19:35:00,477636500.0,29.30567,-94.58318,4.1,224.6,82.0,Slow
2024-01-01 19:40:00,477636500.0,29.30013,-94.58882,6.9,236.0,82.0,Slow
2024-01-01 19:45:00,477636500.0,29.3021,-94.60458,10.4,276.1,82.0,Cruising
2024-01-01 19:50:00,477636500.0,29.30475,-94.61982,11.0,297.7,82.0,Cruising
2024-01-01 19:55:00,477636500.0,29.31183,-94.63459,11.7,298.9,82.0,Cruising
2024-01-01 20:00:00,477636500.0,29.32022,-94.65002,11.7,302.7,82.0,Cruising
2024-01-01 20:05:00,477636500.0,29.32996,-94.66835,11.4,302.2,82.0,Cruising
2024-01-01 20:10:00,477636500.0,29.33717,-94.68171,11.4,299.1,82.0,Cruising
2024-01-01 20:15:00,477636500.0,29.34279,-94.70092,11.0,281.6,82.0,Cruising
2024-01-01 20:20:00,477636500.0,29.34539,-94.71698,10.9,269.1,82.0,Cruising
2024-01-01 20:25:00,477636500.0,29.34459,-94.7334,11.2,266.2,82.0,Cruising
2024-01-01 20:30:00,477636500.0,29.34346,-94.75379,11.4,265.4,82.0,Cruising
2024-01-01 20:35:00,477636500.0,29.3438,-94.76972,10.7,296.5,82.0,Cruising
2024-01-01 20:40:00,477636500.0,29.35068,-94.78422,11.3,309.4,82.0,Cruising
2024-01-01 20:45:00,477636500.0,29.36406,-94.79852,11.3,318.4,82.0,Cruising
2024-01-01 20:50:00,477636500.0,29.37586,-94.80625,10.8,335.9,82.0,Cruising
2024-01-01 20:55:00,477636500.0,29.38885,-94.81267,10.9,337.0,82.0,Cruising
2024-01-01 21:00:00,477636500.0,29.40253,-94.81941,11.2,337.0,82.0,Cruising
2024-01-01 21:05:00,477636500.0,29.41835,-94.8276,11.3,335.6,82.0,Cruising
2024-01-01 21:10:00,477636500.0,29.43169,-94.8343,11.2,336.5,82.0,Cruising
2024-01-01 21:15:00,477636500.0,29.44799,-94.84241,11.2,334.7,82.0,Cruising
2024-01-01 21:20:00,477636500.0,29.46125,-94.849,11.0,333.0,82.0,Cruising
2024-01-01 21:25:00,477636500.0,29.47407,-94.85527,11.2,336.8,82.0,Cruising
2024-01-01 21:30:00,477636500.0,29.48962,-94.86351,11.2,336.3,82.0,Cruising
2024-01-01 21:35:00,477636500.0,29.50201,-94.87191,11.1,326.6,82.0,Cruising
2024-01-01 21:40:00,477636500.0,29.51345,-94.8806,8.6,327.0,82.0,Slow
2024-01-01 21:45:00,477636500.0,29.5256,-94.89015,10.7,325.3,82.0,Cruising
2024-01-01 21:50:00,477636500.0,29.53756,-94.89896,11.6,322.2,82.0,Cruising
2024-01-01 21:55:00,477636500.0,29.55351,-94.9116,12.0,327.4,82.0,Cruising
2024-01-01 22:00:00,477636500.0,29.56484,-94.91996,12.2,326.6,82.0,Cruising
2024-01-01 22:05:00,477636500.0,29.57882,-94.93104,12.1,325.5,82.0,Cruising
2024-01-01 22:10:00,477636500.0,29.59512,-94.94336,11.5,327.4,82.0,Cruising
2024-01-01 22:15:00,477636500.0,29.60638,-94.95131,8.7,333.0,82.0,Slow
2024-01-01 22:20:00,477636500.0,29.61944,-94.95757,11.2,342.0,82.0,Cruising
2024-01-01 22:25:00,477636500.0,29.63377,-94.96299,11.8,341.3,82.0,Cruising
2024-01-01 22:30:00,477636500.0,29.64851,-94.96871,12.0,341.4,82.0,Cruising
2024-01-01 22:35:00,477636500.0,29.66684,-94.9758,11.7,341.2,82.0,Cruising
2024-01-01 22:40:00,477636500.0,29.67992,-94.9806,8.9,342.6,82.0,Slow
2024-01-01 22:45:00,477636500.0,29.68972,-94.98679,9.2,313.7,82.0,Slow
2024-01-01 22:50:00,477636500.0,29.69928,-95.00155,10.5,285.6,82.0,Cruising
2024-01-01 22:55:00,477636500.0,29.70434,-95.01713,11.2,310.5,82.0,Cruising
2024-01-01 23:00:00,477636500.0,29.71522,-95.02083,8.3,359.8,82.0,Slow
2024-01-01 23:05:00,477636500.0,29.72546,-95.02366,7.0,320.2,82.0,Slow
2024-01-01 23:10:00,477636500.0,29.73043,-95.03438,9.4,280.3,82.0,Slow
2024-01-01 23:15:00,477636500.0,29.73266,-95.04764,7.7,298.3,82.0,Slow
2024-01-01 23:20:00,477636500.0,29.7418,-95.06008,9.7,333.9,82.0,Slow
2024-01-01 23:25:00,477636500.0,29.75361,-95.0663,10.2,335.2,82.0,Cruising
2024-01-01 23:30:00,477636500.0,29.76236,-95.07672,9.8,302.5,82.0,Slow
2024-01-01 23:35:00,477636500.0,29.7626,-95.08847,7.2,237.0,82.0,Slow
2024-01-01 23:40:00,477636500.0,29.75464,-95.09403,5.7,206.5,82.0,Slow
2024-01-01 23:45:00,477636500.0,29.74884,-95.09901,5.5,222.8,82.0,Slow
2024-01-01 23:50:00,477636500.0,29.74371,-95.10457,5.3,223.1,82.0,Slow
2024-01-01 23:55:00,477636500.0,29.73959,-95.11367,6.4,244.6,82.0,Slow
2024-01-01 00:00:00,538009133.0,29.33654,-94.57917,0.0,126.9,80.0,Stopped
2024-01-01 00:05:00,538009133.0,29.33662,-94.57916,0.0,126.9,80.0,Stopped
2024-01-01 00:10:00,538009133.0,29.33665,-94.57914,0.0,126.9,80.0,Stopped
2024-01-01 00:15:00,538009133.0,29.33663,-94.57914,0.0,126.9,80.0,Stopped
2024-01-01 00:20:00,538009133.0,29.33664,-94.57916,0.0,126.9,80.0,Stopped
2024-01-01 00:25:00,538009133.0,29.3366,-94.57919,0.0,126.9,80.0,Stopped
2024-01-01 00:30:00,538009133.0,29.33661,-94.57923,0.0,126.9,80.0,Stopped
2024-01-01 00:35:00,538009133.0,29.33658,-94.57923,0.0,126.9,80.0,Stopped
2024-01-01 00:40:00,538009133.0,29.33655,-94.57929,0.0,126.9,80.0,Stopped
2024-01-01 00:45:00,538009133.0,29.33656,-94.57933,0.0,126.9,80.0,Stopped
2024-01-01 00:50:00,538009133.0,29.33651,-94.57933,0.0,126.9,80.0,Stopped
2024-01-01 00:55:00,538009133.0,29.33651,-94.57938,0.0,126.9,80.0,Stopped
2024-01-01 01:00:00,538009133.0,29.33648,-94.57935,0.0,126.9,80.0,Stopped
2024-01-01 01:05:00,538009133.0,29.33646,-94.57943,0.0,126.9,80.0,Stopped
2024-01-01 01:10:00,538009133.0,29.33643,-94.57947,0.0,126.9,80.0,Stopped
2024-01-01 01:15:00,538009133.0,29.33644,-94.57942,0.0,126.9,80.0,Stopped
2024-01-01 01:20:00,538009133.0,29.3365,-94.57937,0.0,126.9,80.0,Stopped
2024-01-01 01:25:00,538009133.0,29.33652,-94.5794,0.0,126.9,80.0,Stopped
2024-01-01 01:30:00,538009133.0,29.33648,-94.57941,0.0,126.9,80.0,Stopped
2024-01-01 01:35:00,538009133.0,29.33641,-94.57948,0.0,126.9,80.0,Stopped
2024-01-01 01:40:00,538009133.0,29.3364,-94.57954,0.0,126.9,80.0,Stopped
2024-01-01 01:45:00,538009133.0,29.33639,-94.57955,0.0,126.9,80.0,Stopped
2024-01-01 01:50:00,538009133.0,29.33638,-94.57956,0.0,126.9,80.0,Stopped
2024-01-01 01:55:00,538009133.0,29.33633,-94.57956,0.0,126.9,80.0,Stopped
2024-01-01 02:10:00,538009133.0,29.33628,-94.57964,0.0,126.9,80.0,Stopped
2024-01-01 02:15:00,538009133.0,29.33627,-94.57964,0.0,126.9,80.0,Stopped
2024-01-01 02:25:00,538009133.0,29.33629,-94.57964,0.0,126.9,80.0,Stopped
2024-01-01 02:30:00,538009133.0,29.33632,-94.57962,0.0,126.9,80.0,Stopped
2024-01-01 02:35:00,538009133.0,29.33632,-94.57958,0.0,126.9,80.0,Stopped
2024-01-01 02:40:00,538009133.0,29.33634,-94.57959,0.0,126.9,80.0,Stopped
2024-01-01 02:45:00,538009133.0,29.33632,-94.57957,0.0,126.9,80.0,Stopped
2024-01-01 02:50:00,538009133.0,29.3363,-94.5796,0.0,126.9,80.0,Stopped
2024-01-01 02:55:00,538009133.0,29.3363,-94.57962,0.0,126.9,80.0,Stopped
2024-01-01 03:05:00,538009133.0,29.33627,-94.57966,0.0,126.9,80.0,Stopped
2024-01-01 03:10:00,538009133.0,29.33626,-94.57965,0.0,126.9,80.0,Stopped
2024-01-01 03:20:00,538009133.0,29.33623,-94.57969,0.0,126.9,80.0,Stopped
2024-01-01 03:25:00,538009133.0,29.33625,-94.57969,0.0,126.9,80.0,Stopped
2024-01-01 03:35:00,538009133.0,29.33623,-94.57968,0.0,126.9,80.0,Stopped
2024-01-01 03:40:00,538009133.0,29.33625,-94.57967,0.0,126.9,80.0,Stopped
2024-01-01 03:45:00,538009133.0,29.33626,-94.57964,0.0,126.9,80.0,Stopped
2024-01-01 03:50:00,538009133.0,29.33631,-94.57962,0.0,126.9,80.0,Stopped
2024-01-01 03:55:00,538009133.0,29.33637,-94.57956,0.0,126.9,80.0,Stopped
2024-01-01 04:00:00,538009133.0,29.33637,-94.57954,0.0,126.9,80.0,Stopped
2024-01-01 04:05:00,538009133.0,29.33643,-94.57952,0.0,126.9,80.0,Stopped
2024-01-01 04:10:00,538009133.0,29.33648,-94.57945,0.0,126.9,80.0,Stopped
2024-01-01 04:15:00,538009133.0,29.33654,-94.57939,0.0,126.9,80.0,Stopped
2024-01-01 04:20:00,538009133.0,29.33663,-94.57929,0.0,126.9,80.0,Stopped
2024-01-01 04:25:00,538009133.0,29.33668,-94.57919,0.0,126.9,80.0,Stopped
2024-01-01 04:30:00,538009133.0,29.33669,-94.57916,0.0,126.9,80.0,Stopped
2024-01-01 04:40:00,538009133.0,29.33672,-94.57908,0.0,126.9,80.0,Stopped
2024-01-01 04:45:00,538009133.0,29.33673,-94.57905,0.0,126.9,80.0,Stopped
2024-01-01 04:50:00,538009133.0,29.33673,-94.57899,0.0,126.9,80.0,Stopped
2024-01-01 04:55:00,538009133.0,29.33675,-94.57896,0.0,126.9,80.0,Stopped
2024-01-01 05:00:00,538009133.0,29.33677,-94.57893,0.0,126.9,80.0,Stopped
2024-01-01 05:05:00,538009133.0,29.33676,-94.57891,0.0,126.9,80.0,Stopped
2024-01-01 05:10:00,538009133.0,29.33677,-94.5789,0.0,126.9,80.0,Stopped
2024-01-01 05:15:00,538009133.0,29.33678,-94.57886,0.0,126.9,80.0,Stopped
2024-01-01 05:20:00,538009133.0,29.33681,-94.57884,0.0,126.9,80.0,Stopped
2024-01-01 05:25:00,538009133.0,29.33682,-94.57882,0.0,126.9,80.0,Stopped
2024-01-01 05:30:00,538009133.0,29.33678,-94.57881,0.0,126.9,80.0,Stopped
2024-01-01 05:35:00,538009133.0,29.3368,-94.57885,0.0,126.9,80.0,Stopped
2024-01-01 05:40:00,538009133.0,29.33677,-94.57886,0.0,126.9,80.0,Stopped
2024-01-01 05:45:00,538009133.0,29.33677,-94.57884,0.0,126.9,80.0,Stopped
2024-01-01 05:55:00,538009133.0,29.33677,-94.57885,0.0,126.9,80.0,Stopped
2024-01-01 06:00:00,538009133.0,29.33679,-94.57886,0.0,126.9,80.0,Stopped
2024-01-01 06:05:00,538009133.0,29.33679,-94.57881,0.0,126.9,80.0,Stopped
2024-01-01 06:10:00,538009133.0,29.33677,-94.57874,0.0,126.9,80.0,Stopped
2024-01-01 06:15:00,538009133.0,29.33679,-94.57873,0.0,126.9,80.0,Stopped
2024-01-01 06:20:00,538009133.0,29.33684,-94.57869,0.0,126.9,80.0,Stopped
2024-01-01 06:25:00,538009133.0,29.33679,-94.57869,0.0,126.9,80.0,Stopped
2024-01-01 06:30:00,538009133.0,29.3368,-94.57872,0.0,126.9,80.0,Stopped
2024-01-01 06:35:00,538009133.0,29.33681,-94.57875,0.0,126.9,80.0,Stopped
2024-01-01 06:40:00,538009133.0,29.33679,-94.57878,0.0,126.9,80.0,Stopped
2024-01-01 06:45:00,538009133.0,29.33678,-94.57882,0.0,126.9,80.0,Stopped
2024-01-01 06:50:00,538009133.0,29.33676,-94.57886,0.0,126.9,80.0,Stopped
2024-01-01 06:55:00,538009133.0,29.33675,-94.57888,0.0,126.9,80.0,Stopped
2024-01-01 07:00:00,538009133.0,29.3367,-94.57896,0.0,126.9,80.0,Stopped
2024-01-01 07:05:00,538009133.0,29.3367,-94.57905,0.0,126.9,80.0,Stopped
2024-01-01 07:10:00,538009133.0,29.33669,-94.57908,0.0,126.9,80.0,Stopped
2024-01-01 07:15:00,538009133.0,29.33669,-94.5791,0.0,126.9,80.0,Stopped
2024-01-01 07:20:00,538009133.0,29.33669,-94.57909,0.0,126.9,80.0,Stopped
2024-01-01 07:25:00,538009133.0,29.3367,-94.5791,0.0,126.9,80.0,Stopped
2024-01-01 07:30:00,538009133.0,29.33675,-94.579,0.0,126.9,80.0,Stopped
2024-01-01 07:35:00,538009133.0,29.33679,-94.57891,0.0,126.9,80.0,Stopped
2024-01-01 07:40:00,538009133.0,29.33679,-94.5789,0.0,126.9,80.0,Stopped
2024-01-01 07:45:00,538009133.0,29.3368,-94.57881,0.0,126.9,80.0,Stopped
2024-01-01 07:50:00,538009133.0,29.33683,-94.57874,0.0,126.9,80.0,Stopped
2024-01-01 07:55:00,538009133.0,29.33687,-94.57864,0.0,126.9,80.0,Stopped
2024-01-01 08:00:00,538009133.0,29.33683,-94.57858,0.0,126.9,80.0,Stopped
2024-01-01 08:05:00,538009133.0,29.33689,-94.57852,0.0,126.9,80.0,Stopped
2024-01-01 08:10:00,538009133.0,29.33687,-94.57843,0.0,126.9,80.0,Stopped
2024-01-01 08:15:00,538009133.0,29.33688,-94.57838,0.0,126.9,80.0,Stopped
2024-01-01 08:20:00,538009133.0,29.33689,-94.5783,0.0,126.9,80.0,Stopped
2024-01-01 08:25:00,538009133.0,29.33691,-94.57829,0.0,126.9,80.0,Stopped
2024-01-01 08:30:00,538009133.0,29.33689,-94.57825,0.0,126.9,80.0,Stopped
2024-01-01 08:35:00,538009133.0,29.33689,-94.57822,0.0,126.9,80.0,Stopped
2024-01-01 08:40:00,538009133.0,29.33688,-94.57819,0.0,126.9,80.0,Stopped
2024-01-01 08:45:00,538009133.0,29.33684,-94.57818,0.0,126.9,80.0,Stopped
2024-01-01 08:50:00,538009133.0,29.33685,-94.57814,0.0,126.9,80.0,Stopped
2024-01-01 08:55:00,538009133.0,29.33689,-94.5781,0.0,126.9,80.0,Stopped
2024-01-01 09:00:00,538009133.0,29.33684,-94.5781,0.0,126.9,80.0,Stopped
2024-01-01 09:05:00,538009133.0,29.33686,-94.5781,0.0,126.9,80.0,Stopped
2024-01-01 09:15:00,538009133.0,29.33683,-94.57811,0.0,126.9,80.0,Stopped
2024-01-01 09:20:00,538009133.0,29.33681,-94.57812,0.0,126.9,80.0,Stopped
2024-01-01 09:25:00,538009133.0,29.33684,-94.57817,0.0,126.9,80.0,Stopped
2024-01-01 09:30:00,538009133.0,29.33686,-94.5782,0.0,126.9,80.0,Stopped
2024-01-01 09:35:00,538009133.0,29.33685,-94.57821,0.0,126.9,80.0,Stopped
2024-01-01 09:40:00,538009133.0,29.33679,-94.57827,0.0,126.9,80.0,Stopped
2024-01-01 09:45:00,538009133.0,29.33678,-94.57829,0.0,126.9,80.0,Stopped
2024-01-01 09:50:00,538009133.0,29.33678,-94.57832,0.0,126.9,80.0,Stopped
2024-01-01 09:55:00,538009133.0,29.33682,-94.57835,0.0,126.9,80.0,Stopped
2024-01-01 10:00:00,538009133.0,29.33682,-94.57832,0.0,126.9,80.0,Stopped
2024-01-01 10:10:00,538009133.0,29.33678,-94.57822,0.0,126.9,80.0,Stopped
2024-01-01 10:15:00,538009133.0,29.33674,-94.57815,0.0,126.9,80.0,Stopped
2024-01-01 10:20:00,538009133.0,29.3367,-94.57811,0.0,126.9,80.0,Stopped
2024-01-01 10:25:00,538009133.0,29.33673,-94.57809,0.0,126.9,80.0,Stopped
2024-01-01 10:30:00,538009133.0,29.33678,-94.57802,0.0,126.9,80.0,Stopped
2024-01-01 10:35:00,538009133.0,29.33679,-94.57802,0.0,126.9,80.0,Stopped
2024-01-01 10:40:00,538009133.0,29.33684,-94.57803,0.0,126.9,80.0,Stopped
2024-01-01 10:45:00,538009133.0,29.33678,-94.578,0.0,126.9,80.0,Stopped
2024-01-01 10:50:00,538009133.0,29.33681,-94.57805,0.0,126.9,80.0,Stopped
2024-01-01 10:55:00,538009133.0,29.33684,-94.57807,0.0,126.9,80.0,Stopped
2024-01-01 11:00:00,538009133.0,29.33681,-94.57814,0.0,126.9,80.0,Stopped
2024-01-01 11:05:00,538009133.0,29.33681,-94.57824,0.0,126.9,80.0,Stopped
2024-01-01 11:10:00,538009133.0,29.33682,-94.57826,0.0,126.9,80.0,Stopped
2024-01-01 11:15:00,538009133.0,29.33684,-94.57827,0.0,126.9,80.0,Stopped
2024-01-01 11:20:00,538009133.0,29.33684,-94.57823,0.0,126.9,80.0,Stopped
2024-01-01 11:25:00,538009133.0,29.33685,-94.57823,0.0,126.9,80.0,Stopped
2024-01-01 11:30:00,538009133.0,29.33685,-94.57822,0.0,126.9,80.0,Stopped
2024-01-01 11:35:00,538009133.0,29.33684,-94.57815,0.0,126.9,80.0,Stopped
2024-01-01 11:40:00,538009133.0,29.33684,-94.57813,0.0,126.9,80.0,Stopped
2024-01-01 11:45:00,538009133.0,29.33678,-94.57805,0.0,126.9,80.0,Stopped
2024-01-01 11:50:00,538009133.0,29.33674,-94.57804,0.0,126.9,80.0,Stopped
2024-01-01 11:55:00,538009133.0,29.33677,-94.57793,0.0,126.9,80.0,Stopped
2024-01-01 12:00:00,538009133.0,29.33675,-94.57788,0.0,126.9,80.0,Stopped
2024-01-01 12:05:00,538009133.0,29.33672,-94.57779,0.0,126.9,80.0,Stopped
2024-01-01 12:10:00,538009133.0,29.33666,-94.57773,0.1,126.9,80.0,Stopped
2024-01-01 12:15:00,538009133.0,29.33651,-94.57756,0.1,126.9,80.0,Stopped
2024-01-01 12:20:00,538009133.0,29.33633,-94.57734,0.1,126.9,80.0,Stopped
2024-01-01 12:25:00,538009133.0,29.3362,-94.57716,0.3,134.3,80.0,Stopped
2024-01-01 12:30:00,538009133.0,29.33566,-94.57669,0.3,147.2,80.0,Stopped
2024-01-01 12:35:00,538009133.0,29.33514,-94.57654,0.2,193.0,80.0,Stopped
2024-01-01 12:40:00,538009133.0,29.33471,-94.57674,0.1,215.4,80.0,Stopped
2024-01-01 12:45:00,538009133.0,29.33458,-94.57686,0.1,217.1,80.0,Stopped
2024-01-01 12:50:00,538009133.0,29.33444,-94.57705,0.0,221.8,80.0,Stopped
2024-01-01 12:55:00,538009133.0,29.33432,-94.57717,0.0,221.8,80.0,Stopped
2024-01-01 13:00:00,538009133.0,29.33429,-94.57721,0.0,221.8,80.0,Stopped
2024-01-01 13:05:00,538009133.0,29.33428,-94.5773,0.0,221.8,80.0,Stopped
2024-01-01 13:10:00,538009133.0,29.33425,-94.57731,0.0,221.8,80.0,Stopped
2024-01-01 13:15:00,538009133.0,29.33415,-94.57729,0.1,221.8,80.0,Stopped
2024-01-01 13:20:00,538009133.0,29.33379,-94.57712,0.1,188.2,80.0,Stopped
2024-01-01 13:25:00,538009133.0,29.33371,-94.57714,0.0,188.2,80.0,Stopped
2024-01-01 13:30:00,538009133.0,29.3337,-94.57728,0.0,188.2,80.0,Stopped
2024-01-01 13:35:00,538009133.0,29.33367,-94.57725,0.0,188.2,80.0,Stopped
2024-01-01 13:40:00,538009133.0,29.33374,-94.57722,0.0,188.2,80.0,Stopped
2024-01-01 13:45:00,538009133.0,29.33376,-94.5772,0.1,188.2,80.0,Stopped
2024-01-01 13:50:00,538009133.0,29.33379,-94.57704,0.0,188.2,80.0,Stopped
2024-01-01 13:55:00,538009133.0,29.33378,-94.57706,0.0,188.2,80.0,Stopped
2024-01-01 14:00:00,538009133.0,29.33377,-94.57709,0.0,188.2,80.0,Stopped
2024-01-01 14:05:00,538009133.0,29.33373,-94.57731,0.1,188.2,80.0,Stopped
2024-01-01 14:10:00,538009133.0,29.33367,-94.57743,0.2,235.0,80.0,Stopped
2024-01-01 14:15:00,538009133.0,29.33353,-94.57772,0.1,235.9,80.0,Stopped
2024-01-01 14:20:00,538009133.0,29.3335,-94.57802,0.1,235.9,80.0,Stopped
2024-01-01 14:25:00,538009133.0,29.33353,-94.57811,0.0,235.9,80.0,Stopped
2024-01-01 14:30:00,538009133.0,29.33356,-94.57826,0.0,235.9,80.0,Stopped
2024-01-01 14:35:00,538009133.0,29.33358,-94.57838,0.0,235.9,80.0,Stopped
2024-01-01 14:40:00,538009133.0,29.33358,-94.57842,0.0,235.9,80.0,Stopped
2024-01-01 14:45:00,538009133.0,29.33356,-94.57849,0.0,235.9,80.0,Stopped
2024-01-01 14:50:00,538009133.0,29.33357,-94.57854,0.0,235.9,80.0,Stopped
2024-01-01 14:55:00,538009133.0,29.33362,-94.57861,0.0,235.9,80.0,Stopped
2024-01-01 15:00:00,538009133.0,29.33363,-94.57865,0.0,235.9,80.0,Stopped
2024-01-01 15:10:00,538009133.0,29.33368,-94.57884,0.0,235.9,80.0,Stopped
2024-01-01 15:15:00,538009133.0,29.33369,-94.57891,0.0,235.9,80.0,Stopped
2024-01-01 15:20:00,538009133.0,29.33374,-94.57885,0.0,235.9,80.0,Stopped
2024-01-01 15:25:00,538009133.0,29.3337,-94.57877,0.1,235.9,80.0,Stopped
2024-01-01 15:30:00,538009133.0,29.33349,-94.57859,0.0,144.2,80.0,Stopped
2024-01-01 15:35:00,538009133.0,29.33349,-94.5786,0.0,144.2,80.0,Stopped
2024-01-01 15:40:00,538009133.0,29.33351,-94.57865,0.0,144.2,80.0,Stopped
2024-01-01 15:45:00,538009133.0,29.33356,-94.57876,0.0,144.2,80.0,Stopped
2024-01-01 15:50:00,538009133.0,29.33356,-94.57878,0.0,144.2,80.0,Stopped
2024-01-01 15:55:00,538009133.0,29.33354,-94.57874,0.0,144.2,80.0,Stopped
2024-01-01 16:00:00,538009133.0,29.33352,-94.57872,0.0,144.2,80.0,Stopped
2024-01-01 16:05:00,538009133.0,29.3335,-94.57865,0.0,144.2,80.0,Stopped
2024-01-01 16:10:00,538009133.0,29.33349,-94.57869,0.0,144.2,80.0,Stopped
2024-01-01 16:15:00,538009133.0,29.33353,-94.5788,0.0,144.2,80.0,Stopped
2024-01-01 16:20:00,538009133.0,29.33355,-94.57886,0.0,144.2,80.0,Stopped
2024-01-01 16:25:00,538009133.0,29.33358,-94.57889,0.0,144.2,80.0,Stopped
2024-01-01 16:30:00,538009133.0,29.3336,-94.57896,0.0,144.2,80.0,Stopped
2024-01-01 16:35:00,538009133.0,29.33362,-94.57901,0.0,144.2,80.0,Stopped
2024-01-01 16:40:00,538009133.0,29.33364,-94.57901,0.0,144.2,80.0,Stopped
2024-01-01 16:45:00,538009133.0,29.33366,-94.57904,0.0,144.2,80.0,Stopped
2024-01-01 16:50:00,538009133.0,29.33369,-94.5791,0.0,144.2,80.0,Stopped
2024-01-01 16:55:00,538009133.0,29.33368,-94.57904,0.0,144.2,80.0,Stopped
2024-01-01 17:00:00,538009133.0,29.33366,-94.57903,0.0,144.2,80.0,Stopped
2024-01-01 17:05:00,538009133.0,29.33364,-94.579,0.0,144.2,80.0,Stopped
2024-01-01 17:10:00,538009133.0,29.33367,-94.57907,0.0,144.2,80.0,Stopped
2024-01-01 17:15:00,538009133.0,29.33368,-94.57906,0.0,144.2,80.0,Stopped
2024-01-01 17:25:00,538009133.0,29.33361,-94.57894,0.0,144.2,80.0,Stopped
2024-01-01 17:30:00,538009133.0,29.33362,-94.57894,0.0,144.2,80.0,Stopped
2024-01-01 17:35:00,538009133.0,29.33365,-94.57898,0.0,144.2,80.0,Stopped
2024-01-01 17:40:00,538009133.0,29.33366,-94.57899,0.0,144.2,80.0,Stopped
2024-01-01 17:45:00,538009133.0,29.33363,-94.57895,0.0,144.2,80.0,Stopped
2024-01-01 17:50:00,538009133.0,29.3336,-94.57894,0.0,144.2,80.0,Stopped
2024-01-01 17:55:00,538009133.0,29.33361,-94.57897,0.0,144.2,80.0,Stopped
2024-01-01 18:00:00,538009133.0,29.33366,-94.579,0.0,144.2,80.0,Stopped
2024-01-01 18:05:00,538009133.0,29.33368,-94.57901,0.0,144.2,80.0,Stopped
2024-01-01 18:10:00,538009133.0,29.33371,-94.57908,0.0,144.2,80.0,Stopped
2024-01-01 18:15:00,538009133.0,29.33374,-94.57915,0.0,144.2,80.0,Stopped
2024-01-01 18:25:00,538009133.0,29.33377,-94.57921,0.0,144.2,80.0,Stopped
2024-01-01 18:30:00,538009133.0,29.3338,-94.57927,0.0,144.2,80.0,Stopped
2024-01-01 18:35:00,538009133.0,29.33384,-94.5793,0.0,144.2,80.0,Stopped
2024-01-01 18:40:00,538009133.0,29.33386,-94.5793,0.0,144.2,80.0,Stopped
2024-01-01 18:45:00,538009133.0,29.33386,-94.57928,0.0,144.2,80.0,Stopped
2024-01-01 18:55:00,538009133.0,29.33379,-94.5792,0.0,144.2,80.0,Stopped
2024-01-01 19:00:00,538009133.0,29.33377,-94.57922,0.0,144.2,80.0,Stopped
2024-01-01 19:05:00,538009133.0,29.33382,-94.57927,0.0,144.2,80.0,Stopped
2024-01-01 19:10:00,538009133.0,29.33386,-94.57932,0.0,144.2,80.0,Stopped
2024-01-01 19:15:00,538009133.0,29.33398,-94.57939,0.0,144.2,80.0,Stopped
2024-01-01 19:20:00,538009133.0,29.33404,-94.57948,0.0,144.2,80.0,Stopped
2024-01-01 19:25:00,538009133.0,29.33409,-94.57952,0.0,144.2,80.0,Stopped
2024-01-01 19:30:00,538009133.0,29.33413,-94.57956,0.0,144.2,80.0,Stopped
2024-01-01 19:35:00,538009133.0,29.3342,-94.5796,0.0,144.2,80.0,Stopped
2024-01-01 19:40:00,538009133.0,29.33425,-94.5796,0.0,144.2,80.0,Stopped
2024-01-01 19:45:00,538009133.0,29.33434,-94.57972,0.1,144.2,80.0,Stopped
2024-01-01 19:50:00,538009133.0,29.33445,-94.5798,0.1,144.2,80.0,Stopped
2024-01-01 19:55:00,538009133.0,29.3345,-94.57975,0.0,144.2,80.0,Stopped
2024-01-01 20:00:00,538009133.0,29.33451,-94.57971,0.0,144.2,80.0,Stopped
2024-01-01 20:05:00,538009133.0,29.3345,-94.57976,0.0,144.2,80.0,Stopped
2024-01-01 20:10:00,538009133.0,29.33451,-94.57977,0.0,144.2,80.0,Stopped
2024-01-01 20:15:00,538009133.0,29.33453,-94.57978,0.0,144.2,80.0,Stopped
2024-01-01 20:20:00,538009133.0,29.33456,-94.57975,0.0,144.2,80.0,Stopped
2024-01-01 20:25:00,538009133.0,29.33455,-94.57971,0.0,144.2,80.0,Stopped
2024-01-01 20:30:00,538009133.0,29.33454,-94.57975,0.0,144.2,80.0,Stopped
2024-01-01 20:35:00,538009133.0,29.33451,-94.57975,0.0,144.2,80.0,Stopped
2024-01-01 20:40:00,538009133.0,29.33452,-94.57975,0.0,144.2,80.0,Stopped
2024-01-01 20:45:00,538009133.0,29.33458,-94.57974,0.0,144.2,80.0,Stopped
2024-01-01 20:50:00,538009133.0,29.33454,-94.57978,0.0,144.2,80.0,Stopped
2024-01-01 20:55:00,538009133.0,29.33453,-94.57976,0.0,144.2,80.0,Stopped
2024-01-01 21:00:00,538009133.0,29.33451,-94.57974,0.0,144.2,80.0,Stopped
2024-01-01 21:05:00,538009133.0,29.33443,-94.57976,0.0,144.2,80.0,Stopped
2024-01-01 21:10:00,538009133.0,29.3344,-94.57975,0.0,144.2,80.0,Stopped
2024-01-01 21:15:00,538009133.0,29.33453,-94.57982,0.1,144.2,80.0,Stopped
2024-01-01 21:20:00,538009133.0,29.33464,-94.57984,0.0,144.2,80.0,Stopped
2024-01-01 21:25:00,538009133.0,29.33471,-94.57983,0.0,144.2,80.0,Stopped
2024-01-01 21:30:00,538009133.0,29.33467,-94.57983,0.0,144.2,80.0,Stopped
2024-01-01 21:35:00,538009133.0,29.33465,-94.57981,0.0,144.2,80.0,Stopped
2024-01-01 21:40:00,538009133.0,29.33461,-94.57979,0.0,144.2,80.0,Stopped
2024-01-01 21:45:00,538009133.0,29.33453,-94.57977,0.0,144.2,80.0,Stopped
2024-01-01 21:50:00,538009133.0,29.33437,-94.57974,0.0,144.2,80.0,Stopped
2024-01-01 21:55:00,538009133.0,29.33433,-94.5797,0.0,144.2,80.0,Stopped
2024-01-01 22:00:00,538009133.0,29.33421,-94.57962,0.0,144.2,80.0,Stopped
2024-01-01 22:05:00,538009133.0,29.3341,-94.57958,0.0,144.2,80.0,Stopped
2024-01-01 22:10:00,538009133.0,29.33408,-94.57956,0.0,144.2,80.0,Stopped
2024-01-01 22:15:00,538009133.0,29.334,-94.57947,0.0,144.2,80.0,Stopped
2024-01-01 22:20:00,538009133.0,29.33388,-94.57939,0.0,144.2,80.0,Stopped
2024-01-01 22:25:00,538009133.0,29.33382,-94.57937,0.0,144.2,80.0,Stopped
2024-01-01 22:30:00,538009133.0,29.33386,-94.57936,0.0,144.2,80.0,Stopped
2024-01-01 22:40:00,538009133.0,29.33388,-94.5794,0.0,144.2,80.0,Stopped
2024-01-01 22:45:00,538009133.0,29.33386,-94.57938,0.0,144.2,80.0,Stopped
2024-01-01 22:50:00,538009133.0,29.33387,-94.57938,0.0,144.2,80.0,Stopped
2024-01-01 22:55:00,538009133.0,29.33384,-94.57935,0.0,144.2,80.0,Stopped
2024-01-01 23:00:00,538009133.0,29.33377,-94.57932,0.0,144.2,80.0,Stopped
2024-01-01 23:05:00,538009133.0,29.3338,-94.57926,0.0,144.2,80.0,Stopped
2024-01-01 23:10:00,538009133.0,29.33378,-94.57927,0.0,144.2,80.0,Stopped
2024-01-01 23:15:00,538009133.0,29.33376,-94.57923,0.0,144.2,80.0,Stopped
2024-01-01 23:20:00,538009133.0,29.33374,-94.57922,0.0,144.2,80.0,Stopped
2024-01-01 23:25:00,538009133.0,29.33372,-94.57923,0.0,144.2,80.0,Stopped
2024-01-01 23:30:00,538009133.0,29.33376,-94.57925,0.0,144.2,80.0,Stopped
2024-01-01 23:35:00,538009133.0,29.3338,-94.57922,0.0,144.2,80.0,Stopped
2024-01-01 23:40:00,538009133.0,29.33375,-94.5792,0.0,144.2,80.0,Stopped
2024-01-01 23:45:00,538009133.0,29.33374,-94.57918,0.0,144.2,80.0,Stopped
2024-01-01 23:50:00,538009133.0,29.33371,-94.57914,0.0,144.2,80.0,Stopped
2024-01-01 23:55:00,538009133.0,29.33369,-94.57913,0.0,144.2,80.0,Stopped
